,lemma,count,pos
0,come,500,v
1,prince,491,n
2,princess,406,n
3,take,369,v
4,give,302,v
5,king,287,n
6,young,285,a
7,time,276,n
8,make,271,v
9,would,257,n
10,look,244,n
11,brother,219,n
12,well,214,r
13,could,207,n
14,back,205,r
15,girl,191,n
16,woman,189,n
17,little,182,a
18,horse,176,n
19,poor,174,a
20,three,172,n
21,tell,168,n
22,know,166,v
23,like,166,n
24,daughter,164,n
25,father,163,n
26,hand,161,n
27,head,155,n
28,wife,152,n
29,home,147,n
30,begin,144,n
31,found,141,n
32,shall,140,n
33,told,136,n
34,child,135,n
35,good,132,a
36,upon,132,n
37,beautiful,130,n
38,find,128,v
39,thought,127,n
40,away,126,r
41,place,126,n
42,water,125,n
43,never,125,r
44,must,125,n
45,turn,124,n
46,last,124,a
47,heard,124,n
48,first,122,r
49,palace,119,n
50,night,119,n
51,long,113,r
52,return,111,n
53,without,109,n
54,great,108,a
55,even,108,r
56,golden,107,a
57,answer,106,n
58,reach,106,n
59,tsar,104,n
60,call,103,n
61,carry,102,n
62,reply,102,n
63,nothing,101,n
64,word,101,n
65,world,101,n
66,mother,100,n
67,soon,99,r
68,want,98,n
69,moment,97,n
70,love,97,n
71,tree,95,n
72,castle,94,n
73,life,92,n
74,think,91,n
75,shepherd,89,n
76,bird,87,n
77,every,85,n
78,house,85,n
79,help,84,n
80,another,84,n
81,become,84,n
82,laugh,83,n
83,much,80,a
84,sleep,79,n
85,mountain,79,n
86,still,78,r
87,hair,78,n
88,left,77,n
89,third,76,a
90,sent,76,n
91,ever,75,r
92,beggar,75,n
93,dragon,74,n
94,follow,73,v
95,thing,72,n
96,dear,72,n
97,many,72,a
98,order,70,n
99,open,70,a
100,people,70,n
101,next,69,a
102,stop,69,n
103,right,69,n
104,fire,68,n
105,foot,67,n
106,fell,67,v
107,enter,66,n
108,lead,66,n
109,bridge,65,n
110,forest,65,n
111,gold,65,n
112,guard,64,n
113,fill,64,n
114,grow,64,n
115,wood,64,n
116,live,63,a
117,knew,63,n
118,earth,62,n
119,happen,62,v
120,rich,62,a
121,wait,62,n
122,stood,62,n
123,wish,62,n
124,walk,62,n
125,maiden,61,n
126,master,61,n
127,table,61,n
128,door,61,n
129,leave,59,v
130,kill,59,n
131,twelve,59,n
132,lose,58,v
133,danilo,58,n
134,silver,58,n
135,youth,58,n
136,towards,58,n
137,fool,57,n
138,able,56,a
139,might,55,n
140,everything,55,n
141,show,54,n
142,room,54,n
143,prince_ivan,54,n
144,round,54,n
145,something,54,n
146,emperor,53,n
147,together,53,r
148,sister,53,n
149,second,53,a
150,among,53,n
151,witch,52,n
152,queen,52,n
153,work,52,n
154,marry,51,n
155,side,51,n
156,suddenly,51,r
157,cover,51,n
158,flower,50,n
159,large,50,a
160,disappear,49,n
161,instantly,49,r
162,bring,49,n
163,behind,49,n
164,sultan,49,n
165,ground,48,n
166,cross,48,n
167,bride,48,n
168,face,48,n
169,voice,48,n
170,till,47,n
171,near,47,n
172,jack,47,n
173,morning,47,n
174,promise,46,n
175,keep,46,v
176,window,46,n
177,always,46,r
178,food,46,n
179,year,46,n
180,sack,45,n
181,heart,45,n
182,tablecloth,45,n
183,road,45,n
184,remain,45,n
185,immediately,45,r
186,fear,44,n
187,magic,44,n
188,peerless_beauty,44,n
189,present,44,n
190,happy,43,a
191,mean,43,n
192,change,43,n
193,sight,42,n
194,pass,42,n
195,seem,42,n
196,lovely,42,r
197,close,42,r
198,appear,42,v
199,high,41,a
200,death,41,n
201,indeed,41,r
202,rode,40,n
203,watch,40,n
204,field,40,n
205,brought,40,n
206,rest,40,n
207,really,40,r
208,nightingale_gisar,39,n
209,remember,39,v
210,soldier,39,n
211,fall,39,n
212,name,39,n
213,wand,39,n
214,threw,39,n
215,travel,39,n
216,lake,39,n
217,though,39,n
218,wonder,38,n
219,instead,38,r
220,part,38,n
221,fish,38,n
222,dream,38,n
223,strange,37,n
224,felt,37,n
225,married,37,a
226,mosque,37,n
227,white,37,a
228,receive,37,n
229,branch,37,n
230,pigeon,37,n
231,sing,37,v
232,tear,37,n
233,apple,36,n
234,river,36,n
235,body,36,n
236,afraid,36,n
237,search,36,n
238,sure,36,n
239,enough,36,r
240,thus,35,r
241,ready,35,a
242,longer,35,n
243,kind,35,n
244,land,35,n
245,stone,35,n
246,helen,35,n
247,hour,34,n
248,city,34,n
249,escape,34,n
250,stefan,34,n
251,anything,34,n
252,black,33,a
253,quickly,33,r
254,creature,33,n
255,whose,33,n
256,dress,33,n
257,money,33,n
258,sword,33,n
259,full,33,a
260,desire,33,n
261,vassili,33,n
262,stand,32,n
263,george,32,n
264,iron,32,n
265,friend,32,n
266,alone,32,r
267,village,32,n
268,seize,32,n
269,flew,32,n
270,angel,32,n
271,garden,32,n
272,broad,32,a
273,touch,31,n
274,husband,31,n
275,light,31,n
276,pearl,31,n
277,hear,31,n
278,country,31,n
279,perhaps,31,r
280,supper,31,n
281,hold,31,n
282,quite,31,r
283,matthias,31,n
284,wonderful,30,n
285,mare,30,n
286,pull,30,n
287,bread,30,n
288,stranger,30,n
289,kiss,30,n
290,pray,30,n
291,beauty,30,n
292,mark,30,n
293,marya_morevna,30,n
294,whole,30,a
295,need,29,n
296,feather,29,n
297,rise,29,n
298,beside,29,n
299,hungry,29,n
300,send,29,n
301,arrive,29,a
302,start,29,n
303,fine,29,n
304,story,28,n
305,whisper,28,n
306,question,28,n
307,course,28,n
308,hardly,28,r
309,golden_hair,28,n
310,lord,28,n
311,kept,28,n
312,servant,28,n
313,drove,28,n
314,feel,28,n
315,meet,28,n
316,farmer,28,n
317,smile,27,n
318,kingdom,27,n
319,shoulder,27,n
320,broke,27,n
321,warm,27,n
322,snake,27,n
323,small,27,a
324,raven,27,n
325,hurry,27,n
326,best,27,a
327,also,27,r
328,neither,27,n
329,laid,26,n
330,listen,26,n
331,lift,26,n
332,hasten,26,n
333,succeed,26,v
334,sound,26,n
335,spoke,26,n
336,wing,26,v
337,sort,26,n
338,animal,25,n
339,fruit,25,n
340,kostiei,25,n
341,sprang,25,n
342,cloud,25,n
343,others,25,n
344,brave,25,n
345,refuse,25,n
346,treasure,25,n
347,stretch,25,n
348,mount,25,n
349,lamb,25,n
350,matter,25,n
351,step,25,n
352,warrior,25,n
353,to-morrow,25,n
354,weep,25,n
355,point,24,n
356,zizi,24,n
357,royal,24,n
358,dish,24,n
359,pretty,24,r
360,sheep,24,n
361,chamber,24,n
362,drink,24,n
363,cottage,24,n
364,dead,24,a
365,believe,24,v
366,speak,24,n
367,deep,24,n
368,awoke,24,n
369,throw,24,n
370,finish,24,n
371,snow,24,n
372,wicked,24,v
373,serve,24,n
374,spread,23,n
375,hope,23,n
376,snowflake,23,n
377,thou,23,n
378,midnight,23,n
379,majesty,23,n
380,mill,23,n
381,mouth,23,n
382,already,23,r
383,peafowl,23,n
384,pitcher,23,n
385,vanished,23,n
386,marouckla,23,n
387,enchant,23,n
388,stay,23,n
389,frog,23,n
390,strike,23,n
391,offer,23,n
392,fellow,22,n
393,finger,22,n
394,heaven,22,n
395,town,22,n
396,drew,22,n
397,free,22,a
398,fail,22,n
399,flame,22,n
400,fetch,22,n
401,living,22,n
402,tubby,22,n
403,tremble,22,a
404,force,22,n
405,foolish,22,a
406,piece,22,n
407,strength,22,n
408,inside,22,n
409,suppose,22,n
410,across,22,n
411,court,22,n
412,thank,22,n
413,drop,22,n
414,spring,22,n
415,hard,22,a
416,monster,22,n
417,pretend,22,n
418,copper,21,n
419,roll,21,n
420,sluggard,21,n
421,horn,21,n
422,straight,21,n
423,talk,21,n
424,struck,21,n
425,wander,21,n
426,next_morning,21,v
427,distance,21,n
428,wedding,21,n
429,care,21,n
430,carefully,21,r
431,catch,21,n
432,stepmother,21,n
433,seek,21,n
434,splendid,21,n
435,sweet,21,n
436,mount_horse,21,n
437,unless,21,n
438,gate,21,n
439,first_lady-in-waiting,21,n
440,skin,21,n
441,four,21,n
442,angry,21,a
443,second_brother,20,n
444,blow,20,n
445,condition,20,n
446,allow,20,v
447,however,20,r
448,shout,20,n
449,nightingale,20,n
450,empty,20,a
451,huntsman,20,n
452,parent,20,n
453,asleep,20,n
454,steed,20,n
455,stove,20,n
456,handsome,20,n
457,agree,20,n
458,mind,20,n
459,move,20,n
460,afternoon,20,n
461,front,20,n
462,cart,20,n
463,delighted,20,a
464,feast,20,n
465,oblige,20,n
466,warn,20,n
467,lady,20,n
468,hung,19,n
469,power,19,n
470,honour,19,n
471,dervish,19,n
472,army,19,n
473,slept,19,n
474,declare,19,n
475,slip,19,n
476,along,19,n
477,around,19,n
478,church,19,n
479,falcon,19,n
480,wound,19,n
481,broken,19,n
482,cold,19,n
483,frighten,19,n
484,hill,19,n
485,crystal,19,n
486,rush,19,n
487,widow,19,n
488,news,18,n
489,certainly,18,r
490,cook,18,n
491,goat,18,n
492,thief,18,n
493,wind,18,n
494,reward,18,n
495,cobbler,18,n
496,exactly,18,r
497,tire,18,n
498,granny,18,n
499,carriage,18,n
500,glorious,18,a
501,strong,18,a
502,seat,18,n
503,prayer,18,n
504,dwarf,18,n
505,wall,18,n
506,crane,18,n
507,wept,18,n
508,quickeye,18,n
509,secret,18,n
510,hide,18,n
511,approach,18,n
512,tiger,18,n
513,determine,18,n
514,direction,18,n
515,journey,18,n
516,wine,18,n
517,beyond,18,n
518,embroidery,18,n
519,fight,18,n
520,meadow,18,n
521,moon,18,n
522,cake,18,n
523,forth,18,n
524,thanked,18,n
525,held,18,n
526,clever,18,n
527,single,18,a
528,fountain,18,n
529,rooster,18,n
530,orange,18,n
531,gift,18,n
532,shut,17,n
533,bridle,17,n
534,clear,17,a
535,gather,17,n
536,rose,17,v
537,flock,17,n
538,jean,17,n
539,grape,17,n
540,bright,17,n
541,invisible,17,a
542,golden_mane,17,n
543,pike,17,n
544,island,17,n
545,break,17,n
546,notice,17,n
547,therefore,17,r
548,insist,17,n
549,willing,17,a
550,leaf,17,n
551,guest,17,n
552,command,17,n
553,since,17,n
554,shirt,17,n
555,surprise,17,n
556,cock,17,n
557,return_home,17,n
558,lion,16,n
559,push,16,n
560,visit,16,n
561,saddle,16,n
562,meanwhile,16,r
563,pity,16,n
564,happiness,16,n
565,hunt,16,n
566,presently,16,r
567,whistle,16,n
568,enchantment,16,n
569,mine,16,n
570,decide,16,n
571,middle,16,n
572,beard,16,n
573,stable,16,a
574,exchange,16,n
575,enjoy,16,n
576,giant,16,n
577,pocket,16,n
578,steal,16,n
579,bury,16,n
580,companion,16,n
581,rejoice,16,n
582,picked,16,n
583,tall,16,n
584,half,16,n
585,breath,16,n
586,blue,16,n
587,almost,16,r
588,ring,16,n
589,chamberlain,16,n
590,wide,16,a
591,arose,16,n
592,invite,16,n
593,form,16,n
594,chest,16,n
595,thread,16,n
596,whatever,16,n
597,apprentice,16,n
598,handkerchief,16,n
599,cellar,15,n
600,charm,15,n
601,save,15,v
602,rage,15,n
603,long_time,15,n
604,taste,15,n
605,shook_head,15,n
606,danger,15,n
607,fast,15,n
608,grass,15,n
609,terrible,15,a
610,safe,15,a
611,grieve,15,n
612,beneath,15,n
613,despair,15,n
614,martin,15,n
615,to-night,15,n
616,consent,15,n
617,evil,15,n
618,lock,15,n
619,usual,15,a
620,prayed,15,n
621,either,15,n
622,neck,15,n
623,bush,15,n
624,star,15,n
625,milk,15,n
626,ducat,15,n
627,quick,15,n
628,corner,15,n
629,kostey,15,n
630,please,15,n
631,dare,15,n
632,human,15,n
633,whether,15,n
634,golden_cage,15,n
635,eleven,15,r
636,ivan,15,n
637,guess,15,n
638,dinner,15,n
639,none,15,n
640,huge,15,a
641,hearing,15,n
642,forgot,15,n
643,baba_yaga,14,n
644,barber,14,n
645,funny,14,n
646,groan,14,n
647,surround,14,n
648,overtake,14,n
649,shook,14,n
650,track,14,n
651,acorn,14,n
652,skull,14,n
653,forget,14,n
654,nurse,14,n
655,confess,14,n
656,handsome_young,14,n
657,peace,14,n
658,bring_back,14,n
659,wild,14,n
660,beating,14,n
661,ugly,14,r
662,else,14,r
663,trouble,14,n
664,junak,14,n
665,vampire,14,n
666,root,14,n
667,twelfth,14,n
668,jumped,14,n
669,spite,14,n
670,midst,14,n
671,titty,14,n
672,understand,14,n
673,turn_round,14,n
674,instant,14,n
675,hole,14,n
676,recognise,14,n
677,belong,14,n
678,club,14,n
679,green,14,a
680,month,14,n
681,gossip,14,n
682,trojan,14,n
683,wave,14,n
684,share,14,n
685,eagle,14,n
686,raise,14,n
687,knife,14,n
688,hidden,13,n
689,fresh,13,a
690,roar,13,n
691,mirror,13,n
692,centre,13,n
693,apple-tree,13,a
694,shave,13,n
695,knight,13,n
696,donkey,13,n
697,amaze,13,n
698,maid,13,n
699,thousand,13,n
700,drag,13,n
701,thereupon,13,n
702,sigh,13,n
703,wrong,13,a
704,beak,13,n
705,dance,13,n
706,grief,13,n
707,pleased,13,a
708,traveller,13,n
709,fair,13,n
710,bade,13,n
711,hearth,13,n
712,bore,13,n
713,beat,13,n
714,chance,13,n
715,choose,13,n
716,boot,13,n
717,ohnivak,13,n
718,beardless,13,n
719,silent,13,n
720,cure,13,n
721,eldest,13,n
722,manner,13,n
723,dawn,13,n
724,noise,13,n
725,peasant,13,n
726,aside,13,r
727,bear,13,n
728,sorry,13,n
729,nine,13,n
730,length,13,n
731,pleasure,13,n
732,serpent,13,n
733,merchant,13,n
734,cudgel,13,n
735,marvellous,12,a
736,loud,12,n
737,continued,12,a
738,passing,12,n
739,throne,12,n
740,wooden,12,n
741,thirst,12,n
742,expect,12,v
743,built,12,n
744,slowly,12,r
745,besides,12,n
746,drive,12,n
747,caught,12,n
748,attendant,12,n
749,ought,12,n
750,silver_bolt,12,n
751,number,12,n
752,vain,12,n
753,toss,12,n
754,golden_apple,12,n
755,helmet,12,n
756,great_setchène,12,n
757,rock,12,n
758,latter,12,n
759,heat,12,n
760,to-day,12,n
761,service,12,n
762,arrow,12,n
763,flee,12,n
764,letter,12,n
765,quiet,12,a
766,canary,12,n
767,clothes,12,n
768,goose,12,n
769,admire,12,n
770,although,12,n
771,lovely_maiden,12,n
772,rescue,12,n
773,koshchei_deathless,12,n
774,hall,12,n
775,provide,12,n
776,glance,12,n
777,eight,12,n
778,person,12,n
779,reindeer,12,n
780,intend,12,n
781,everywhere,12,r
782,suffer,12,n
783,bone,12,n
784,farewell,12,n
785,desert,12,n
786,suitor,12,n
787,truth,12,n
788,bound,12,n
789,thrown,12,n
790,breathe,12,n
791,cousin,12,n
792,family,12,n
793,imagine,12,n
794,sick,11,n
795,marriage,11,n
796,choice,11,n
797,split,11,n
798,courage,11,n
799,yonder,11,n
800,awful,11,n
801,early,11,r
802,neighbor,11,n
803,plain,11,n
804,impossible,11,a
805,short_time,11,n
806,anxious,11,a
807,astonish,11,a
808,cease,11,n
809,gold_piece,11,n
810,gypsy,11,n
811,golden_ducat,11,n
812,alight,11,n
813,rubbed,11,n
814,wash,11,n
815,cornet,11,n
816,often,11,r
817,plunge,11,n
818,unhappy,11,a
819,past,11,n
820,pillow,11,n
821,wizard,11,n
822,deliver,11,n
823,scullion,11,n
824,worth,11,n
825,crept,11,n
826,minute,11,n
827,half_kingdom,11,n
828,advice,11,n
829,least,11,a
830,settle,11,v
831,busy,11,a
832,pick,11,n
833,demand,11,n
834,koshchei,11,n
835,true,11,a
836,discover,11,n
837,arouse,11,n
838,play,11,n
839,unable,11,a
840,marie,11,n
841,shore,11,n
842,cage,11,n
843,path,11,n
844,perch,11,n
845,manage,11,n
846,fire-bird,11,n
847,certain,11,a
848,burning,11,n
849,nobleman,11,n
850,wolf,11,n
851,murmur,11,n
852,pear,11,n
853,overcome,11,n
854,sang,11,n
855,hurricane,11,n
856,stick,11,n
857,welcome,11,n
858,join,11,n
859,address,11,n
860,explain,11,n
861,drunk,10,n
862,birch_tree,10,n
863,horrible,10,a
864,cause,10,n
865,brass,10,n
866,inquire,10,n
867,gentle,10,n
868,effect,10,n
869,golden_horse-shoes,10,n
870,chase,10,n
871,shame,10,n
872,possession,10,n
873,aloud,10,n
874,stroke,10,n
875,floor,10,n
876,behest,10,n
877,soul,10,n
878,hundred,10,v
879,tower,10,n
880,surface,10,n
881,awaken,10,n
882,strawberry,10,n
883,scarcely,10,r
884,blossom,10,n
885,taught,10,n
886,three_hundred,10,v
887,swallow,10,n
888,learn,10,n
889,obtain,10,v
890,crowd,10,n
891,pin-cushion,10,n
892,lover,10,n
893,bath,10,n
894,millet,10,n
895,attempt,10,n
896,shin,10,n
897,duck,10,n
898,burn,10,n
899,sooner,10,n
900,galloped,10,n
901,nose,10,r
902,depart,10,n
903,paladin,10,n
904,blessing,10,n
905,surprised,10,a
906,banquet,10,n
907,bless,10,n
908,anywhere,10,r
909,faint,10,n
910,stem,10,n
911,prince_dobrotek,10,n
912,shone,10,n
913,pietnotka,10,n
914,dark,10,n
915,temper,10,n
916,scarf,10,n
917,militza,10,n
918,comb,10,n
919,winter,10,n
920,within,10,n
921,task,10,n
922,nail,10,n
923,fact,10,n
924,hemp,10,n
925,rather,10,r
926,soft,10,a
927,marvel,10,n
928,float,10,n
929,produce,10,n
930,broom,10,n
931,hang,10,n
932,miserable,10,a
933,lean,10,n
934,contain,10,n
935,exclaim,10,n
936,finally,10,r
937,spot,10,n
938,cask,10,n
939,sudolisu,10,n
940,praise,10,n
941,vikher,10,n
942,blood,10,n
943,directly,10,r
944,forgive,10,a
945,thunder,9,n
946,make_sign,9,n
947,waistband,9,n
948,clothed,9,n
949,scatter,9,n
950,overpower,9,n
951,repeat,9,n
952,courtyard,9,n
953,entrance,9,n
954,ripe,9,n
955,knelt,9,n
956,monarch,9,n
957,ride,9,n
958,grown,9,n
959,colour,9,n
960,harm,9,n
961,awake,9,n
962,spent,9,n
963,michael,9,n
964,threaten,9,n
965,greet,9,n
966,treat,9,n
967,fault,9,n
968,await,9,n
969,favour,9,n
970,zlato-nrivak,9,n
971,adventure,9,n
972,tavern,9,n
973,enemy,9,n
974,noble,9,a
975,meal,9,n
976,gaze,9,n
977,feed,9,n
978,coat,9,n
979,nonsense,9,n
980,trough,9,n
981,baby,9,n
982,reason,9,n
983,pour,9,n
984,stupid,9,a
985,object,9,n
986,stole,9,n
987,shoe,9,n
988,possible,9,a
989,deeply,9,n
990,forgotten,9,n
991,sand,9,n
992,outside,9,n
993,door_open,9,v
994,burnt,9,n
995,prepared,9,a
996,thin,9,n
997,fortune,9,n
998,every_morning,9,v
999,gold_silver,9,n
1000,effort,9,n
1001,consider,9,v
1002,hare,9,n
1003,maid_honour,9,n
1004,sprinkle,9,n
1005,firmly,9,r
1006,stuck,9,n
1007,yard,9,n
1008,heavy,9,a
1009,pipe,9,n
1010,coffin,9,n
1011,mare_foal,9,n
1012,mihailo,9,n
1013,pleasant,9,n
1014,wise,9,n
1015,precipice,9,n
1016,fasten,9,n
1017,zlato-vlaska,9,n
1018,sparrow,9,n
1019,faithful,9,n
1020,oven,9,r
1021,ninth,9,a
1022,bagpipe,9,n
1023,basket,8,n
1024,trace,8,n
1025,cheer,8,n
1026,could_find,8,n
1027,different,8,a
1028,tail,8,n
1029,speed,8,n
1030,caught_sight,8,n
1031,greatly,8,r
1032,loss,8,n
1033,honest,8,n
1034,roof,8,n
1035,bellow,8,n
1036,entirely,8,r
1037,easy,8,a
1038,born,8,n
1039,could_hardly,8,r
1040,ceiling,8,n
1041,dazzle,8,n
1042,mighty,8,n
1043,sure_enough,8,n
1044,son-in-law,8,n
1045,twice,8,r
1046,forever,8,r
1047,lack,8,n
1048,accomplish,8,n
1049,prepare,8,n
1050,peeped,8,n
1051,observe,8,n
1052,enormous,8,a
1053,whenever,8,n
1054,caress,8,n
1055,restore,8,n
1056,charge,8,n
1057,account,8,n
1058,frozen,8,n
1059,cinder,8,n
1060,trust,8,n
1061,whale,8,n
1062,delicious,8,a
1063,gallop,8,n
1064,blush,8,n
1065,message,8,n
1066,fall_love,8,n
1067,teacher,8,n
1068,except,8,n
1069,pursue,8,n
1070,amuse,8,n
1071,comb_hair,8,n
1072,trick,8,n
1073,boldly,8,r
1074,shape,8,n
1075,hither_thither,8,n
1076,knee,8,n
1077,apartment,8,n
1078,throat,8,n
1079,straw,8,n
1080,yesterday,8,n
1081,sell,8,n
1082,safety,8,n
1083,torment,8,n
1084,ember,8,n
1085,salute,8,n
1086,serve_maid,8,n
1087,begin_beat,8,n
1088,forward,8,r
1089,meat,8,n
1090,mass,8,n
1091,fury,8,n
1092,hastily,8,r
1093,hurt,8,n
1094,gown,8,n
1095,kindness,8,n
1096,soup,8,n
1097,increase,8,n
1098,honey,8,n
1099,worthy,8,n
1100,storm,8,n
1101,host,8,n
1102,yellow,8,n
1103,ceremony,8,n
1104,bargain,8,n
1105,mercy,8,n
1106,refresh,8,n
1107,dapple_horse,8,n
1108,deceive,8,n
1109,difficulty,8,n
1110,drew_near,8,n
1111,joyfully,8,r
1112,knock,8,n
1113,cloth,8,n
1114,truly,8,r
1115,drinking,8,n
1116,shake,8,n
1117,comrade,8,n
1118,blew,8,n
1119,appearance,8,n
1120,dipped,8,n
1121,anger,8,n
1122,yaga,8,n
1123,courtier,8,n
1124,teach,8,n
1125,mile,8,n
1126,easily,8,r
1127,holy_water,8,n
1128,shed,8,v
1129,cruel,8,n
1130,embroider,8,n
1131,tore,8,n
1132,toad,8,n
1133,brush,8,n
1134,forehead,8,n
1135,sought,8,n
1136,plant,8,n
1137,property,8,n
1138,bottom,8,n
1139,farther,8,n
1140,late,8,r
1141,content,7,n
1142,elder,7,n
1143,useless,7,n
1144,satisfied,7,a
1145,safely,7,r
1146,gently,7,r
1147,bitterly,7,r
1148,make_mind,7,n
1149,respectfully,7,r
1150,count,7,n
1151,henceforth,7,n
1152,short,7,a
1153,clean,7,n
1154,distaff,7,n
1155,ashamed,7,v
1156,meantime,7,n
1157,dost_thou,7,n
1158,embrace,7,n
1159,real,7,a
1160,sister-in-law,7,n
1161,edge,7,n
1162,tempt,7,n
1163,poor_fellow,7,n
1164,spit,7,n
1165,valley,7,n
1166,glass,7,n
1167,bottle,7,n
1168,somebody,7,n
1169,misfortune,7,n
1170,future,7,n
1171,sunset,7,n
1172,destroy,7,n
1173,good_fortune,7,n
1174,recover,7,n
1175,business,7,n
1176,bean,7,n
1177,curtain,7,n
1178,hungry_thirsty,7,n
1179,comfort,7,n
1180,reflect,7,n
1181,mantle,7,n
1182,horseman,7,n
1183,vlaska,7,n
1184,zlato,7,n
1185,boat,7,n
1186,duty,7,n
1187,mane,7,n
1188,direct,7,a
1189,flow,7,n
1190,scale,7,n
1191,armour,7,n
1192,sensible,7,a
1193,inhabitant,7,n
1194,thrash,7,n
1195,priest,7,n
1196,value,7,n
1197,magnificent,7,n
1198,fold,7,n
1199,magician,7,n
1200,advise,7,n
1201,boil,7,n
1202,early_next,7,n
1203,regret,7,n
1204,barrel,7,n
1205,plan,7,n
1206,mistress,7,n
1207,report,7,n
1208,worry,7,n
1209,silly,7,r
1210,smote,7,n
1211,tent,7,n
1212,prisoner,7,n
1213,later,7,r
1214,climbed,7,n
1215,assure,7,n
1216,begs,7,n
1217,fiery,7,n
1218,crack,7,n
1219,worn,7,n
1220,support,7,n
1221,dismount,7,n
1222,spare,7,n
1223,hunger,7,n
1224,bolt,7,n
1225,tower-room,7,n
1226,wretch,7,n
1227,astonishment,7,n
1228,tell_story,7,n
1229,glad,7,n
1230,gold-fish,7,a
1231,uncle,7,n
1232,stream,7,n
1233,sparkle,7,n
1234,hiding,7,n
1235,violet,7,n
1236,sledge,7,n
1237,picture,7,n
1238,prevent,7,n
1239,crown,7,n
1240,shell,7,n
1241,threat,7,n
1242,onion,7,n
1243,alive,7,a
1244,hood,7,n
1245,morsel,7,n
1246,everybody,7,n
1247,cheek,7,n
1248,sing-song,7,a
1249,surely,7,r
1250,idle,7,a
1251,descend,7,n
1252,scream,7,n
1253,annette,7,n
1254,doubt,7,n
1255,lightly,7,r
1256,tiny,7,a
1257,opening,7,n
1258,keep_watch,7,n
1259,price,7,n
1260,silence,7,n
1261,white_grape,7,n
1262,conserve,7,n
1263,sunday,7,n
1264,wore,7,n
1265,beaten,7,n
1266,take_care,7,n
1267,farm,7,n
1268,flew_away,7,n
1269,hail,7,n
1270,afterwards,7,n
1271,quietly,7,r
1272,woke,6,n
1273,weary,6,a
1274,clapped_hand,6,n
1275,marble,6,n
1276,prison,6,n
1277,behind_stove,6,n
1278,company,6,n
1279,continued_journey,6,n
1280,march,6,n
1281,bathroom,6,n
1282,sash,6,n
1283,bathing,6,n
1284,fell_upon,6,n
1285,stroll,6,n
1286,underground,6,n
1287,thing_happen,6,v
1288,load,6,n
1289,reign,6,n
1290,gold_ring,6,v
1291,joke,6,n
1292,disappointment,6,n
1293,twinkle,6,n
1294,draw_near,6,n
1295,table_spread,6,n
1296,heap,6,n
1297,overhead,6,n
1298,bucket,6,n
1299,regain,6,n
1300,supply,6,n
1301,kindly,6,r
1302,howl,6,n
1303,sometimes,6,r
1304,examine,6,n
1305,begin_sing,6,n
1306,merry,6,n
1307,chill,6,n
1308,ripen,6,v
1309,urrh_urrh,6,n
1310,till_reach,6,n
1311,burst_tear,6,n
1312,grin,6,n
1313,amid,6,n
1314,haunt,6,n
1315,cooked,6,n
1316,thankful,6,n
1317,blackamoor,6,n
1318,song,6,n
1319,nothing_else,6,r
1320,good-morning,6,n
1321,loose,6,a
1322,fourth,6,a
1323,bade_farewell,6,n
1324,quantity,6,n
1325,bewitch,6,n
1326,nightingale_sing,6,v
1327,anastasia,6,n
1328,nobody,6,n
1329,vast,6,n
1330,hideous,6,a
1331,live_happily,6,r
1332,wooden_shoe,6,n
1333,olga,6,n
1334,fetch_water,6,n
1335,stayed,6,n
1336,sprinkle_water,6,n
1337,flung,6,n
1338,devour,6,n
1339,grant,6,n
1340,frame,6,n
1341,obey,6,n
1342,tale,6,n
1343,bowl_milk,6,n
1344,staff,6,n
1345,rough,6,n
1346,event,6,n
1347,learnt,6,n
1348,press,6,n
1349,capital,6,n
1350,band,6,n
1351,resolve,6,n
1352,burst,6,n
1353,spirit,6,n
1354,scholar,6,n
1355,nice,6,a
1356,betrayed,6,n
1357,sank,6,n
1358,clad,6,n
1359,sorrow,6,n
1360,swam,6,n
1361,third_time,6,n
1362,make_inquiry,6,n
1363,sign,6,n
1364,whirlwind,6,n
1365,accord,6,n
1366,spun,6,n
1367,summon,6,n
1368,dungeon,6,n
1369,dangerous,6,a
1370,crawl,6,n
1371,eyelid,6,n
1372,beware,6,n
1373,along_road,6,n
1374,herd,6,n
1375,accept,6,n
1376,idea,6,n
1377,sharp,6,a
1378,to-morrow_morning,6,n
1379,wealth,6,n
1380,wear,6,n
1381,kovlad,6,n
1382,build,6,n
1383,grey,6,n
1384,veil,6,n
1385,book,6,n
1386,leap,6,n
1387,monk,6,n
1388,spoken,6,n
1389,laughter,6,n
1390,whereupon,6,n
1391,whence,6,n
1392,wagon,6,n
1393,bidding,6,n
1394,shriek,6,n
1395,spin,6,n
1396,paid,6,n
1397,require,6,n
1398,chose,6,n
1399,roast,6,n
1400,many_year,6,n
1401,scaly,6,n
1402,ordinary,6,a
1403,clutched,6,n
1404,related,6,a
1405,proclaim,6,n
1406,wench,6,n
1407,succession,6,n
1408,powerful,6,a
1409,open_door,6,n
1410,longing,6,n
1411,overjoyed,6,n
1412,across_river,6,n
1413,music,6,n
1414,dash,6,n
1415,proof,6,n
1416,fell_asleep,6,n
1417,hero,6,n
1418,wedding_feast,6,n
1419,kitchen,6,n
1420,curiosity,6,n
1421,humble,6,a
1422,stumble,6,a
1423,language,6,n
1424,held_hand,6,n
1425,shot,6,n
1426,thee,6,n
1427,retire,6,n
1428,gain,6,n
1429,compassion,6,n
1430,amazement,6,n
1431,claim,6,n
1432,transform,6,n
1433,willingly,6,r
1434,haste,6,n
1435,dreamt,6,n
1436,strip,5,n
1437,drank,5,n
1438,precious_stone,5,n
1439,collect,5,n
1440,delight,5,n
1441,cheat,5,n
1442,hatchet,5,n
1443,seek_fortune,5,n
1444,needle,5,n
1445,repeat_word,5,n
1446,party,5,n
1447,bandage,5,n
1448,prosperity,5,n
1449,touch_ground,5,n
1450,step-sister,5,n
1451,silently,5,r
1452,flute,5,n
1453,prance,5,n
1454,smite,5,n
1455,fancy,5,n
1456,thousand_piece,5,n
1457,kiss_tenderly,5,r
1458,grind,5,n
1459,allah,5,n
1460,line,5,n
1461,beloved,5,v
1462,miller,5,n
1463,drone,5,n
1464,great_hall,5,n
1465,abbot,5,n
1466,ferryman,5,n
1467,corn,5,n
1468,ship,5,n
1469,terrify,5,n
1470,deserve,5,n
1471,bricklayer,5,n
1472,uneasy,5,a
1473,brings,5,n
1474,baking,5,n
1475,burden,5,n
1476,urrh,5,n
1477,string,5,n
1478,corner_handkerchief,5,n
1479,picket,5,n
1480,draw,5,n
1481,suggest,5,n
1482,pair_boot,5,n
1483,garden_gate,5,n
1484,meant,5,n
1485,understand_language,5,n
1486,stuff,5,n
1487,footstep,5,n
1488,complain,5,n
1489,enter_room,5,n
1490,pious,5,a
1491,stint,5,n
1492,satisfy,5,n
1493,want_marry,5,n
1494,need_help,5,n
1495,heel,5,n
1496,talk_nonsense,5,n
1497,pillar,5,n
1498,tone,5,n
1499,interfere,5,r
1500,probably,5,r
1501,jewel,5,n
1502,arrival,5,n
1503,lovely_princess,5,n
1504,boar,5,n
1505,silken,5,n
1506,stoop,5,n
1507,native_village,5,n
1508,one–two–,5,n
1509,gallows,5,n
1510,strange_thing,5,v
1511,bird_flew,5,n
1512,smear,5,n
1513,procession,5,n
1514,pronounce,5,n
1515,flagon,5,n
1516,hoop,5,n
1517,father_mother,5,n
1518,cider,5,n
1519,chief,5,n
1520,circlet,5,n
1521,mistake,5,n
1522,undertaking,5,n
1523,asks,5,n
1524,three_month,5,n
1525,smooth,5,n
1526,lazy,5,n
1527,laborer,5,n
1528,bidden,5,n
1529,heir,5,n
1530,closet,5,n
1531,blade,5,n
1532,thither,5,n
1533,laden,5,n
1534,terror,5,n
1535,reassure,5,n
1536,herdsman,5,n
1537,good-for-nothing,5,n
1538,doorfeed,5,n
1539,self-propelling,5,n
1540,pure_gold,5,n
1541,soundly,5,r
1542,excite,5,n
1543,special,5,a
1544,arrange,5,n
1545,cautiously,5,r
1546,jakov,5,n
1547,pail,5,n
1548,severely,5,r
1549,scold,5,n
1550,proud,5,n
1551,request,5,n
1552,reaper,5,n
1553,bridegroom,5,n
1554,curse,5,n
1555,talk_together,5,n
1556,bath-house,5,n
1557,anna,5,n
1558,peal,5,n
1559,dear_friend,5,n
1560,various,5,a
1561,pole,5,n
1562,thick_forest,5,n
1563,roadside,5,n
1564,continue,5,n
1565,follow_track,5,n
1566,expose,5,v
1567,remark,5,n
1568,fright,5,n
1569,earn,5,n
1570,convince,5,n
1571,spend,5,n
1572,pair_iron,5,n
1573,mutter,5,n
1574,right_left,5,n
1575,bull,5,n
1576,couple,5,n
1577,clearing,5,n
1578,posse,5,n
1579,careful,5,n
1580,pine,5,n
1581,successful,5,a
1582,bank_river,5,n
1583,thick,5,n
1584,divide,5,n
1585,disguise,5,n
1586,sadder,5,n
1587,restore_life,5,n
1588,horse_stable,5,a
1589,bushy_tail,5,n
1590,pierce,5,n
1591,case,5,n
1592,grows,5,n
1593,distant,5,n
1594,robbed,5,n
1595,punish,5,n
1596,engage,5,n
1597,somewhat,5,r
1598,wither,5,n
1599,pure,5,n
1600,leather,5,n
1601,nettle,5,n
1602,robe,5,n
1603,gentleman,5,n
1604,likely,5,a
1605,rain,5,n
1606,week,5,n
1607,handful,5,n
1608,barley,5,n
1609,slept_soundly,5,r
1610,occasion,5,n
1611,safe_sound,5,n
1612,nearer,5,n
1613,elder_brother,5,n
1614,dust,5,n
1615,execute,5,n
1616,shadow,5,n
1617,high_high,5,n
1618,teeth,5,n
1619,less,5,r
1620,could_scarcely,5,r
1621,angrily,5,r
1622,admit,5,n
1623,start_pursuit,5,n
1624,manger,5,n
1625,struggle,5,n
1626,metal,5,n
1627,behold,5,n
1628,alike,5,r
1629,neigh,5,a
1630,shelter_night,5,n
1631,staircase,5,n
1632,former,5,a
1633,buzz,5,n
1634,wheat,5,n
1635,patience,5,n
1636,obeyed,5,n
1637,nearly,5,r
1638,costly,5,a
1639,good-bye,5,n
1640,resemble,5,a
1641,invitation,5,n
1642,spread_wing,5,v
1643,steel,5,n
1644,suit,5,n
1645,immense,5,n
1646,accompany,5,n
1647,sieve,5,n
1648,unto,5,n
1649,iron_door,5,n
1650,beast,5,n
1651,curious,5,a
1652,ringlet,4,n
1653,capture,4,n
1654,avesnes,4,n
1655,feeling,4,v
1656,grain,4,n
1657,worm,4,n
1658,scornfully,4,r
1659,advanced,4,a
1660,pride,4,n
1661,disgust,4,n
1662,amusement,4,n
1663,treatment,4,n
1664,untouched,4,a
1665,hundred_year,4,n
1666,snap,4,n
1667,midafternoon,4,n
1668,conquer,4,n
1669,attend,4,n
1670,sadly,4,r
1671,rail,4,n
1672,plate,4,n
1673,leapt,4,n
1674,snow-white,4,a
1675,flanders,4,n
1676,warmly,4,r
1677,shelter,4,n
1678,guise,4,n
1679,industrious,4,a
1680,eternal_life,4,n
1681,palace_gate,4,n
1682,bite,4,n
1683,tear_piece,4,n
1684,crush,4,n
1685,ocean,4,n
1686,passage,4,n
1687,dart,4,n
1688,feeble,4,a
1689,steep,4,n
1690,gleam,4,n
1691,food_drink,4,n
1692,shone_like,4,n
1693,marya,4,n
1694,pause,4,n
1695,chosen,4,n
1696,guide,4,n
1697,resume_journey,4,n
1698,bravery,4,n
1699,perfect,4,n
1700,sandy,4,n
1701,completely,4,r
1702,wake,4,n
1703,figure,4,n
1704,unnoticed,4,a
1705,repent,4,n
1706,empty-handed,4,a
1707,mouthful,4,n
1708,dobrotek,4,n
1709,fought,4,n
1710,heal,4,n
1711,save_life,4,n
1712,thanks,4,n
1713,grateful,4,n
1714,dismay,4,n
1715,daughter_marriage,4,n
1716,deal,4,n
1717,chin,4,n
1718,make_mistake,4,n
1719,morrow,4,n
1720,long_beard,4,n
1721,sofa,4,n
1722,side_side,4,n
1723,puzzle,4,n
1724,splendour,4,n
1725,belongs,4,n
1726,pond,4,n
1727,bank,4,n
1728,altar,4,n
1729,thirsty,4,n
1730,bearing,4,n
1731,nightfall,4,n
1732,lightning,4,v
1733,double,4,r
1734,pasture,4,n
1735,nevertheless,4,r
1736,occur,4,n
1737,hesitate,4,n
1738,strait,4,n
1739,somehow,4,n
1740,thirteen,4,n
1741,crafty,4,n
1742,pardon,4,n
1743,fulfil,4,n
1744,bestir,4,n
1745,pink,4,n
1746,fugitive,4,a
1747,whinny,4,n
1748,resist,4,n
1749,anyone,4,n
1750,altogether,4,r
1751,difficult,4,a
1752,park,4,n
1753,quest,4,n
1754,graze,4,n
1755,wait_minute,4,n
1756,willow,4,n
1757,gradually,4,r
1758,year_pass,4,n
1759,begin_weep,4,n
1760,wrap,4,n
1761,kneel,4,n
1762,pile,4,n
1763,bedroom,4,n
1764,cast,4,n
1765,loud_voice,4,n
1766,sent_herald,4,n
1767,destroyed,4,n
1768,cluster,4,n
1769,fell_knee,4,n
1770,iron_staff,4,n
1771,presence,4,n
1772,exile,4,n
1773,herald,4,n
1774,captain,4,n
1775,marry_daughter,4,n
1776,softly,4,r
1777,treat_cruelly,4,r
1778,jolly,4,r
1779,peep,4,n
1780,brightness,4,n
1781,dowry,4,n
1782,messenger,4,n
1783,bowl,4,n
1784,bunch,4,n
1785,flutter_wing,4,v
1786,interested,4,a
1787,chain,4,n
1788,utterly,4,r
1789,wait_till,4,n
1790,foal,4,n
1791,arise,4,n
1792,bold,4,n
1793,colt,4,n
1794,pursuit,4,n
1795,cheese,4,n
1796,water-king,4,n
1797,dare_disobey,4,n
1798,particular,4,a
1799,cradle,4,n
1800,helpless,4,n
1801,huckster,4,n
1802,paradise,4,n
1803,fierce,4,n
1804,raise_head,4,n
1805,offering,4,n
1806,love_dearly,4,r
1807,rule,4,n
1808,employ,4,n
1809,lesson,4,n
1810,councilors,4,n
1811,dearly,4,r
1812,christen,4,n
1813,loaf,4,n
1814,deed,4,n
1815,melancholy,4,n
1816,image,4,n
1817,portrait,4,n
1818,step-daughter,4,n
1819,orphan,4,n
1820,horseback,4,n
1821,reward_richly,4,r
1822,steppe,4,n
1823,wild_beast,4,n
1824,prize,4,n
1825,bedside,4,n
1826,entreaty,4,n
1827,mead,4,n
1828,gloomy,4,n
1829,lake-forming,4,n
1830,interrupt,4,n
1831,cost,4,n
1832,dismal,4,n
1833,badly,4,r
1834,growl,4,n
1835,rowed,4,n
1836,puffed,4,n
1837,cunning,4,v
1838,looking-glass,4,n
1839,payment,4,n
1840,brow,4,n
1841,wooer,4,n
1842,grip,4,n
1843,twelve_month,4,n
1844,store,4,n
1845,northern,4,a
1846,heat-giving,4,n
1847,cool,4,n
1848,wave_wand,4,n
1849,south,4,n
1850,several,4,a
1851,heroic,4,n
1852,realm,4,n
1853,bucketful,4,n
1854,chair,4,n
1855,torrent,4,n
1856,natural,4,a
1857,aright,4,n
1858,secure,4,n
1859,five,4,n
1860,urge,4,n
1861,east,4,n
1862,zaré,4,n
1863,handle,4,n
1864,kiss_forehead,4,n
1865,flame_fire,4,n
1866,horrid,4,n
1867,rabbit,4,n
1868,perfectly,4,r
1869,release,4,n
1870,befit,4,n
1871,complexion,4,n
1872,fate,4,n
1873,profession,4,n
1874,elsewhere,4,r
1875,tend,4,n
1876,persuade,4,n
1877,reflection,4,n
1878,necessary,4,a
1879,girdle,4,n
1880,glory,4,n
1881,ease,4,n
1882,spider,4,n
1883,flight,4,n
1884,separate,4,a
1885,health,4,n
1886,unlucky,4,a
1887,grow_dark,4,n
1888,goodness,4,n
1889,pack,4,n
1890,eldest_daughter,4,n
1891,ruffian,4,n
1892,loveliness,4,n
1893,eyesight,4,n
1894,clatter,4,n
1895,deprive,4,n
1896,plenty,4,n
1897,bought,4,n
1898,limb,4,n
1899,gourd,4,n
1900,moreover,4,n
1901,krâk,4,n
1902,utter,4,n
1903,pain,4,n
1904,lonely,4,r
1905,comfortable,4,a
1906,make_appearance,4,n
1907,twelve_year,4,n
1908,vineyard,4,n
1909,daily,4,a
1910,good_deal,4,n
1911,attack,4,n
1912,furious,4,a
1913,closely,4,r
1914,nest,4,a
1915,noon,4,n
1916,amongst,4,n
1917,ball,4,n
1918,column,4,n
1919,fell_fast,4,n
1920,unknown,4,a
1921,miss,4,n
1922,whoever,4,n
1923,whole_story,4,n
1924,dumb,4,n
1925,vigorous,4,a
1926,sings,4,n
1927,dread,4,n
1928,peril,4,n
1929,purpose,4,n
1930,wretched,4,v
1931,neighbour,4,n
1932,loft,4,n
1933,opportunity,4,n
1934,unfortunate,4,n
1935,pear-tree,4,a
1936,sound_asleep,4,n
1937,seed,4,n
1938,anything_else,4,r
1939,droop,4,n
1940,stump,4,n
1941,finer,4,n
1942,wept_bitterly,4,r
1943,heaped,4,n
1944,silver_gold,4,n
1945,knot,4,n
1946,whose_name,4,n
1947,firm,4,n
1948,heard_voice,4,n
1949,ferry,4,n
1950,every_direction,4,n
1951,absence,4,n
1952,distress,4,n
1953,bathe,4,n
1954,spade,4,n
1955,mightily,4,r
1956,uttered,4,a
1957,driven,4,n
1958,blast,4,n
1959,measure,4,n
1960,grave,4,n
1961,write,4,n
1962,bent,3,n
1963,handsomer,3,n
1964,seventh,3,n
1965,cross_threshold,3,n
1966,grand,3,a
1967,physician,3,n
1968,gnawed,3,n
1969,purr,3,n
1970,medicine,3,n
1971,exceedingly,3,r
1972,tongue,3,n
1973,sneer,3,n
1974,hermit,3,n
1975,head-dress,3,n
1976,shower,3,n
1977,remains,3,n
1978,gladly,3,r
1979,affected,3,a
1980,compare,3,n
1981,mercilessly,3,r
1982,ruin,3,n
1983,remain_silent,3,n
1984,claw,3,n
1985,fell_love,3,n
1986,entertain,3,n
1987,deliverer,3,n
1988,sleeve,3,n
1989,officer,3,n
1990,obedient,3,n
1991,sack_sack,3,n
1992,famous,3,a
1993,appetite,3,n
1994,astride,3,n
1995,rogue,3,n
1996,swift,3,n
1997,spread_wide,3,n
1998,partly,3,r
1999,advocate,3,n
2000,street,3,n
2001,spark_fire,3,n
2002,round_round,3,n
2003,neglect,3,n
2004,indignant,3,n
2005,greedy,3,n
2006,dough,3,n
2007,second_third,3,n
2008,mere,3,r
2009,john,3,n
2010,wish_marry,3,n
2011,remove,3,v
2012,holiday,3,n
2013,pant,3,n
2014,sorcerer,3,n
2015,block,3,n
2016,chatter,3,n
2017,frightfully,3,r
2018,rival,3,n
2019,nowhere,3,r
2020,lovingly,3,r
2021,fond,3,n
2022,mangy,3,n
2023,flutter,3,n
2024,starve_death,3,n
2025,fall_asleep,3,n
2026,could_resist,3,n
2027,pool,3,n
2028,climb,3,n
2029,divine,3,n
2030,rate,3,n
2031,keep_awake,3,v
2032,stammer,3,n
2033,formerly,3,r
2034,heartbroken,3,n
2035,suffering,3,v
2036,apron,3,n
2037,experience,3,n
2038,heard_sound,3,n
2039,wine-presses,3,n
2040,green_meadow,3,n
2041,idiot,3,n
2042,dearest,3,n
2043,cocked,3,n
2044,misdeed,3,n
2045,illumine,3,n
2046,perish,3,n
2047,trap-door,3,n
2048,yell,3,n
2049,advance,3,n
2050,lucky,3,a
2051,spare_life,3,n
2052,north,3,n
2053,branch_tree,3,n
2054,securely,3,r
2055,stair,3,n
2056,clasped,3,n
2057,brown,3,n
2058,open_window,3,n
2059,innocent,3,n
2060,season,3,n
2061,buzzing,3,n
2062,exactly_alike,3,n
2063,state,3,n
2064,afield,3,n
2065,unfastened,3,a
2066,disobey,3,n
2067,fare,3,n
2068,whirr,3,n
2069,rustle,3,n
2070,hinge,3,n
2071,excuse,3,n
2072,raven_flew,3,n
2073,noggin,3,n
2074,fork,3,n
2075,shade,3,n
2076,apple_tree,3,n
2077,venture,3,n
2078,brother-in-law,3,n
2079,excellent,3,n
2080,envious,3,a
2081,push_boat,3,n
2082,instruction,3,n
2083,awhile,3,n
2084,whither,3,n
2085,stumblest,3,n
2086,jade,3,n
2087,uttered_word,3,n
2088,outlandish,3,a
2089,baker,3,n
2090,rotten,3,v
2091,lioness,3,n
2092,disturb,3,n
2093,crossbow,3,n
2094,happily,3,r
2095,early_morning,3,v
2096,breeze,3,n
2097,regularly,3,r
2098,twist,3,n
2099,grove,3,n
2100,plait,3,n
2101,beer,3,n
2102,second_time,3,n
2103,assist,3,n
2104,scentest,3,n
2105,reproach,3,n
2106,merely,3,r
2107,sore,3,n
2108,original,3,a
2109,swayed,3,n
2110,wrestle,3,n
2111,shore_lake,3,n
2112,cool_water,3,n
2113,monastery,3,n
2114,assemble,3,a
2115,townspeople,3,n
2116,position,3,n
2117,scent,3,n
2118,beautiful_maiden,3,n
2119,slaughter,3,n
2120,building,3,n
2121,solid_gold,3,n
2122,nostril,3,n
2123,flash_lightning,3,v
2124,lose_sight,3,n
2125,sheath,3,n
2126,brezène,3,n
2127,around_waist,3,n
2128,churn,3,n
2129,caper,3,n
2130,wrestling_match,3,n
2131,thrust,3,n
2132,grass_grow,3,n
2133,scratch_head,3,n
2134,lark,3,n
2135,tell_truth,3,n
2136,scratch,3,n
2137,hiding-place,3,n
2138,politely,3,r
2139,scene,3,n
2140,crook,3,n
2141,tenderly,3,r
2142,slender,3,n
2143,concern,3,n
2144,calmly,3,n
2145,correct,3,n
2146,smock,3,n
2147,heavier,3,n
2148,perform,3,n
2149,bearer,3,n
2150,tchervène,3,n
2151,risk,3,n
2152,moustache,3,n
2153,pound,3,n
2154,burial,3,n
2155,royal_palace,3,n
2156,destiny,3,n
2157,exactly_like,3,n
2158,outskirt,3,n
2159,right_hand,3,n
2160,charity,3,n
2161,spat,3,n
2162,intense,3,n
2163,ascend,3,n
2164,pelisse,3,n
2165,remainder,3,n
2166,overwhelmed,3,a
2167,uncovered,3,a
2168,particularly,3,r
2169,brilliant,3,n
2170,slightest,3,n
2171,sapling,3,v
2172,weight,3,n
2173,heavy_iron,3,n
2174,captive,3,n
2175,overheard,3,n
2176,sorcery,3,n
2177,betroth,3,n
2178,betrothal,3,n
2179,freshness,3,n
2180,century,3,n
2181,frightful,3,n
2182,bewilder,3,n
2183,creak,3,n
2184,rank,3,n
2185,represent,3,n
2186,poppy,3,a
2187,dark_forest,3,n
2188,thrice,3,n
2189,fame,3,n
2190,darkness,3,n
2191,funeral,3,a
2192,risen,3,n
2193,overflow,3,n
2194,peck,3,n
2195,would_probably,3,r
2196,shine,3,n
2197,barleycorn,3,n
2198,generously,3,r
2199,importance,3,n
2200,sheepdog,3,n
2201,folk,3,n
2202,gore,3,n
2203,vexed,3,n
2204,occupy,3,n
2205,torn,3,n
2206,pretence,3,n
2207,attention,3,n
2208,spear,3,n
2209,rash,3,n
2210,jumping,3,n
2211,conversation,3,n
2212,lily,3,r
2213,examine_closely,3,r
2214,spell,3,n
2215,depth,3,n
2216,couch,3,n
2217,barn,3,n
2218,prosperous,3,a
2219,slave,3,n
2220,pale,3,n
2221,simple,3,n
2222,subject,3,n
2223,unexpected,3,a
2224,test,3,n
2225,kick,3,n
2226,knock_door,3,n
2227,stayed_home,3,n
2228,large_number,3,n
2229,movement,3,n
2230,cave,3,n
2231,disobeyed,3,n
2232,rent,3,n
2233,human_voice,3,n
2234,great_deal,3,n
2235,coffer,3,n
2236,human_being,3,v
2237,possibly,3,r
2238,draught,3,n
2239,enable,3,a
2240,freedom,3,n
2241,inheritance,3,n
2242,warmth,3,n
2243,solemnly,3,r
2244,faithfully,3,r
2245,blind,3,n
2246,everybody_else,3,r
2247,confide,3,n
2248,pea-straw,3,a
2249,swoon,3,n
2250,outside_town,3,n
2251,friendly,3,r
2252,chat,3,n
2253,mount_steed,3,n
2254,faggot,3,n
2255,inherit,3,n
2256,tender,3,n
2257,vine,3,n
2258,motionless,3,n
2259,maim,3,n
2260,narrow,3,n
2261,played,3,n
2262,beach,3,n
2263,fisherman,3,n
2264,holy,3,n
2265,avoid,3,n
2266,gorgeous,3,a
2267,doorstep,3,n
2268,greedily,3,r
2269,horizon,3,n
2270,firewood,3,n
2271,saucepan,3,n
2272,hopped,3,n
2273,ache,3,n
2274,glitter,3,n
2275,governess,3,n
2276,brighter,3,n
2277,rivulet,3,n
2278,feast-providing,3,n
2279,borne,3,n
2280,avenge,3,n
2281,belt,3,n
2282,hardest,3,n
2283,treacherously,3,r
2284,quarrel,3,n
2285,flare,3,n
2286,dispute,3,n
2287,powder,3,n
2288,crossly,3,r
2289,desolate,3,n
2290,race,3,n
2291,generous,3,a
2292,hurrah,3,n
2293,consume,3,n
2294,behave,3,n
2295,crash,3,n
2296,possess,3,n
2297,bosom,3,n
2298,shimmer,3,n
2299,take_refuge,3,n
2300,implore,3,n
2301,hemlock,3,n
2302,basilisk,3,n
2303,suspect,3,n
2304,burst_open,3,v
2305,false,3,a
2306,excellency,3,n
2307,height,3,n
2308,bringmy,3,n
2309,wedding_festivity,3,n
2310,peacefully,3,r
2311,write_letter,3,n
2312,waste,3,n
2313,fondly,3,r
2314,quickly_possible,3,a
2315,prove,3,n
2316,cypress_tree,3,n
2317,roughly,3,r
2318,utmost,3,n
2319,whole_army,3,n
2320,fell_dead,3,n
2321,foreign,3,a
2322,sentinel,3,n
2323,greatly_astonish,3,n
2324,sweep,3,n
2325,different_kind,3,n
2326,dissuade,3,n
2327,mushroom,3,n
2328,darling,3,v
2329,thence,3,n
2330,humbly,3,r
2331,cost_life,3,n
2332,flour,3,n
2333,sympathy,3,n
2334,paper,3,n
2335,council,3,n
2336,stabbed,3,n
2337,drew_sword,3,n
2338,feast-giving,3,n
2339,complete,3,a
2340,swell,3,n
2341,bald_head,3,n
2342,enrage,3,n
2343,hiss,3,n
2344,deer,3,n
2345,sadden,3,n
2346,every_kind,3,n
2347,middle_road,3,n
2348,unseen,3,a
2349,horror,3,n
2350,read,3,n
2351,punishment,3,n
2352,burst_laugh,3,n
2353,quack,3,n
2354,trial,3,n
2355,wild-duck,3,n
2356,told_story,3,n
2357,hears,3,n
2358,chapel,3,n
2359,luck,3,n
2360,commend,3,n
2361,smell,3,n
2362,suspicious,3,a
2363,lizard,3,n
2364,ponder,3,n
2365,step-child,3,a
2366,bake_bread,3,n
2367,rapidly,3,r
2368,alms,3,n
2369,bloodthirsty,3,n
2370,penny,3,n
2371,dark_corner,3,n
2372,overcame,3,n
2373,thereafter,3,r
2374,unavailing,3,v
2375,sharply,3,r
2376,pursuer,3,n
2377,stride,3,n
2378,proudly,3,r
2379,knowledge,3,n
2380,something_else,3,n
2381,moorland,3,n
2382,scorn,3,n
2383,spoilt,3,n
2384,unlocked,3,a
2385,plow,3,n
2386,frown,3,n
2387,study,3,n
2388,gratefully,3,r
2389,disperse,3,n
2390,lock_door,3,n
2391,ribbon,3,n
2392,harden,3,n
2393,upset,3,n
2394,suspicion,3,n
2395,rise_high,3,n
2396,could_possibly,3,r
2397,sense,3,n
2398,constantly,3,r
2399,much_surprised,3,v
2400,behind_curtain,3,n
2401,sternly,3,r
2402,man…,3,n
2403,snow-child,3,a
2404,beheld,3,n
2405,sonny,3,n
2406,jump,3,n
2407,wile,3,n
2408,actually,3,r
2409,berry,3,n
2410,midday,3,n
2411,garment,3,n
2412,handsome_youth,3,n
2413,white_beard,3,n
2414,ravine,3,n
2415,pitcher_water,3,n
2416,fast_could,3,n
2417,never_forget,3,n
2418,madly,3,r
2419,dreadful,3,n
2420,mention,3,n
2421,provision,3,n
2422,gravely,3,r
2423,wide_world,3,n
2424,heart_content,3,n
2425,foolishness,3,n
2426,blooming,3,n
2427,nevermore,3,r
2428,cushion,3,n
2429,candle,3,n
2430,brim,3,n
2431,steadily,3,r
2432,being,3,v
2433,announce,3,n
2434,deck,3,n
2435,accepted,3,a
2436,perceive,3,n
2437,hive,3,n
2438,peerless,3,n
2439,heart_beat,3,n
2440,breakfast,3,n
2441,search_everywhere,3,r
2442,polite,3,n
2443,dove,3,n
2444,begin_feel,3,n
2445,titmouse,3,n
2446,mock,3,n
2447,deliver_message,3,n
2448,millet_seed,3,n
2449,sire,3,n
2450,amount,2,n
2451,series,2,n
2452,sheet,2,n
2453,great_pomp,2,n
2454,general,2,a
2455,benefit,2,n
2456,unconscious,2,a
2457,influence,2,n
2458,doubt_whether,2,n
2459,persist,2,n
2460,naughty,2,n
2461,poison,2,n
2462,playmate,2,n
2463,revives,2,n
2464,anybody,2,n
2465,fifth,2,n
2466,impatient,2,n
2467,starvation,2,n
2468,exist,2,n
2469,relieve,2,n
2470,refine,2,n
2471,creation,2,n
2472,paint,2,n
2473,brook,2,n
2474,humor,2,n
2475,obey_order,2,n
2476,elder-tree,2,a
2477,unluckily,2,r
2478,vila,2,n
2479,educate,2,n
2480,wedding_celebrate,2,n
2481,dwell,2,n
2482,trade,2,n
2483,hour_later,2,n
2484,conduct,2,n
2485,coarser,2,n
2486,sharp-witted,2,a
2487,beehive,2,n
2488,potato,2,n
2489,shovel,2,n
2490,respect,2,n
2491,tutor,2,n
2492,acknowledge,2,n
2493,dearly_love,2,n
2494,flesh,2,n
2495,coarse,2,n
2496,gapiomila,2,n
2497,celebrate,2,n
2498,nether_world,2,n
2499,joking,2,n
2500,open_chest,2,a
2501,white_marble,2,a
2502,progress,2,n
2503,awkward,2,n
2504,bird_prey,2,n
2505,affection,2,n
2506,invite_wedding,2,v
2507,hydromel,2,n
2508,strut,2,n
2509,somewhere,2,r
2510,obeys,2,n
2511,bitter_tear,2,n
2512,vengeance,2,n
2513,resolution,2,n
2514,silk,2,n
2515,philosophy,2,n
2516,heir_throne,2,n
2517,impression,2,n
2518,fire-king,2,n
2519,air-king,2,n
2520,feel_inclined,2,v
2521,prefer,2,n
2522,radiant,2,n
2523,countryman,2,n
2524,schoolroom,2,n
2525,consult,2,n
2526,flash,2,n
2527,obstinate,2,n
2528,favourite,2,n
2529,week_pass,2,n
2530,shaken,2,n
2531,wrath,2,n
2532,bother,2,n
2533,hour_midnight,2,n
2534,chopped,2,n
2535,lose_temper,2,n
2536,virtuous,2,a
2537,constant,2,a
2538,true_love,2,n
2539,high-road,2,n
2540,rattle,2,n
2541,wholesome,2,n
2542,block_wood,2,n
2543,mouth_wide,2,n
2544,creaked,2,n
2545,poor_orphan,2,n
2546,coral,2,a
2547,handsomest,2,n
2548,beech,2,n
2549,boasting,2,n
2550,wicked_woman,2,n
2551,sail,2,n
2552,west,2,n
2553,hatred,2,v
2554,birth,2,n
2555,step-children,2,n
2556,glade,2,n
2557,western,2,a
2558,cemetery,2,n
2559,amuses,2,n
2560,bad-tempered,2,a
2561,favourable,2,a
2562,distant_land,2,n
2563,wrinkle,2,n
2564,doctor,2,n
2565,attentively,2,r
2566,employment,2,n
2567,practise,2,n
2568,restores,2,n
2569,ruler,2,n
2570,follow_example,2,n
2571,footprint,2,n
2572,wide_plain,2,n
2573,proposes,2,n
2574,disposes,2,n
2575,eastern,2,a
2576,sweet-scented,2,a
2577,prudent,2,n
2578,driver,2,n
2579,purse,2,n
2580,bitter,2,n
2581,climb_high,2,n
2582,nervous,2,a
2583,north_wind,2,n
2584,plumage,2,n
2585,froze,2,n
2586,cloak,2,n
2587,spar,2,n
2588,rouse,2,n
2589,shrub,2,n
2590,autumn,2,n
2591,north-east,2,a
2592,recognize,2,v
2593,soften,2,n
2594,decorate,2,n
2595,sadness,2,n
2596,tomb,2,n
2597,fashion,2,n
2598,startle,2,n
2599,merriment,2,n
2600,rang,2,n
2601,strap,2,n
2602,graceful,2,n
2603,good_news,2,n
2604,unconquerable,2,a
2605,swathe,2,n
2606,occurrence,2,n
2607,permission,2,n
2608,umph,2,n
2609,easy_enough,2,n
2610,envoy,2,n
2611,likewise,2,r
2612,lament,2,n
2613,hitherto,2,n
2614,marriageable,2,a
2615,outdoors,2,n
2616,healthy,2,a
2617,shiny,2,n
2618,vainly,2,r
2619,quite_alone,2,n
2620,magic_ring,2,v
2621,fearful,2,n
2622,flap_wing,2,v
2623,troubled,2,a
2624,change_shape,2,n
2625,abuse,2,n
2626,shiver_cold,2,n
2627,south_wind,2,n
2628,hedge,2,n
2629,stable-boy,2,n
2630,victory,2,n
2631,avail,2,n
2632,treetop,2,n
2633,make_merry,2,n
2634,half-way,2,n
2635,wheaten,2,n
2636,swim,2,n
2637,willow_tree,2,n
2638,setchène,2,n
2639,attitude,2,n
2640,could_understand,2,n
2641,admiration,2,n
2642,parch,2,n
2643,hiding_place,2,n
2644,region,2,n
2645,block_stone,2,n
2646,peak,2,n
2647,gaze_upon,2,n
2648,mustache,2,n
2649,light_shone,2,n
2650,bake,2,n
2651,sale,2,n
2652,wisely,2,r
2653,sweet_voice,2,n
2654,lengthen,2,n
2655,rumour,2,n
2656,thorn,2,n
2657,dollar,2,n
2658,gaily,2,r
2659,displeased,2,a
2660,agreeable,2,a
2661,melt,2,n
2662,grind_corn,2,n
2663,abide,2,n
2664,red-hot,2,a
2665,ill-luck,2,n
2666,entreat,2,n
2667,black_crow,2,n
2668,fish_scale,2,n
2669,trample,2,n
2670,slam_door,2,n
2671,dung,2,n
2672,stallion,2,n
2673,shone_brightly,2,r
2674,elapse,2,n
2675,ramul,2,n
2676,vagabond,2,n
2677,sarahawsky,2,n
2678,ill-tempered,2,a
2679,ecstacy,2,n
2680,assert,2,n
2681,hooked,2,n
2682,pyle,2,n
2683,afar,2,n
2684,could_endure,2,n
2685,thoudost,2,n
2686,dainty,2,n
2687,pang,2,n
2688,adventurer,2,n
2689,poverty,2,n
2690,satisfaction,2,n
2691,thirty_year,2,n
2692,trunk_tree,2,n
2693,hallo,2,n
2694,exercise,2,n
2695,vixen,2,n
2696,disconsolately,2,r
2697,clap_thunder,2,n
2698,bark,2,n
2699,waist,2,n
2700,thievish,2,n
2701,loin,2,n
2702,thoughtful,2,a
2703,untied,2,a
2704,vegetable,2,n
2705,inquire_cause,2,n
2706,agony,2,n
2707,overtook,2,n
2708,katharine,2,n
2709,salt,2,n
2710,fifty,2,n
2711,match,2,n
2712,rope,2,n
2713,water_edge,2,n
2714,liberty,2,n
2715,left_alone,2,n
2716,upstairs,2,n
2717,waste_time,2,n
2718,slain,2,n
2719,trail,2,n
2720,calm,2,n
2721,anyhow,2,n
2722,spent_night,2,n
2723,described,2,n
2724,storm-cloud,2,a
2725,growth,2,n
2726,soil,2,n
2727,fruitful,2,n
2728,whatever_happens,2,n
2729,wondrous,2,a
2730,heartless,2,n
2731,crept_softly,2,r
2732,swan,2,n
2733,spoon,2,n
2734,first_streak,2,n
2735,grander,2,n
2736,crashed,2,n
2737,treacherous,2,a
2738,fitting,2,n
2739,secretly,2,r
2740,warblings,2,n
2741,water_flow,2,n
2742,boiler,2,n
2743,young_couple,2,n
2744,recollect,2,n
2745,grow_tire,2,n
2746,sill,2,n
2747,flown,2,n
2748,apart,2,r
2749,pursuit–and,2,n
2750,bunghole,2,n
2751,actual,2,a
2752,plead,2,n
2753,judge,2,n
2754,thresh,2,n
2755,reap,2,n
2756,train,2,n
2757,happens,2,n
2758,whole_week,2,n
2759,whine,2,n
2760,cupboard,2,n
2761,preparation,2,n
2762,close_behind,2,n
2763,along_shore,2,n
2764,ogre,2,n
2765,admirer,2,n
2766,order_servant,2,n
2767,odd-looking,2,n
2768,farmer_wife,2,n
2769,size,2,n
2770,magnificence,2,n
2771,useful,2,a
2772,tsarina,2,n
2773,understood_language,2,n
2774,hoof,2,n
2775,ignorant,2,n
2776,exceed,2,n
2777,husk,2,n
2778,snore,2,n
2779,reptile,2,n
2780,piece_gold,2,n
2781,hamper,2,n
2782,christmas,2,n
2783,bedchamber,2,n
2784,answer_question,2,n
2785,swept,2,n
2786,worthless,2,n
2787,angel_heaven,2,r
2788,ship_sail,2,n
2789,harness,2,n
2790,military,2,a
2791,dwelt,2,n
2792,ahead,2,r
2793,opposite_direction,2,n
2794,dairy,2,n
2795,pair,2,n
2796,wilderness,2,n
2797,mankind,2,n
2798,reveal,2,n
2799,grain_corn,2,n
2800,rust,2,n
2801,nature,2,n
2802,bully,2,r
2803,take_heed,2,n
2804,allows,2,n
2805,early_dawn,2,n
2806,dare_speak,2,n
2807,barnyard,2,n
2808,publish,2,n
2809,plucked,2,n
2810,joyful,2,n
2811,drive_away,2,n
2812,stand_beside,2,n
2813,slightly,2,r
2814,kindle,2,v
2815,illustration,2,n
2816,carpenter,2,n
2817,delay,2,n
2818,source,2,n
2819,wherever,2,n
2820,middle_floor,2,n
2821,twenty-four,2,n
2822,magic_wand,2,n
2823,properly,2,r
2824,doom,2,n
2825,whack,2,n
2826,success,2,n
2827,snatch,2,n
2828,tease,2,n
2829,drop_water,2,n
2830,suddenly_remember,2,n
2831,counting,2,n
2832,ferryboat,2,n
2833,marked,2,n
2834,linen,2,n
2835,waterfall,2,n
2836,long_journey,2,n
2837,circle,2,n
2838,defend,2,n
2839,mile_away,2,n
2840,sentence,2,n
2841,nowjust,2,n
2842,cruelly,2,r
2843,unjustly,2,r
2844,swiftly,2,r
2845,sweetheart,2,n
2846,pour_water,2,n
2847,allay,2,n
2848,brain,2,n
2849,transparent,2,n
2850,gratitude,2,n
2851,vanished_completely,2,r
2852,brutal,2,n
2853,tall_tree,2,n
2854,full_speed,2,n
2855,slew,2,n
2856,thanked_heartily,2,r
2857,hundred_mile,2,n
2858,darken,2,n
2859,suggestion,2,n
2860,haul,2,n
2861,doorway,2,n
2862,coin,2,n
2863,befallen,2,n
2864,skiff,2,n
2865,perchance,2,n
2866,grape-vine,2,n
2867,injure,2,n
2868,bare,2,n
2869,cuirass,2,n
2870,namely,2,r
2871,breast,2,n
2872,tuft,2,n
2873,lame,2,n
2874,befriend,2,n
2875,snuff-box,2,n
2876,marsh,2,n
2877,soon_possible,2,a
2878,bell,2,n
2879,many-coloured,2,a
2880,restore_health,2,n
2881,cloth_gold,2,n
2882,white_snow,2,n
2883,bridal,2,n
2884,heavily,2,r
2885,wept_prayed,2,n
2886,sharp_claw,2,n
2887,challenge,2,n
2888,wept_tear,2,n
2889,slope,2,n
2890,zémo-tras,2,n
2891,appoint,2,n
2892,christ,2,n
2893,relate,2,n
2894,feast_prepared,2,v
2895,hard-hearted,2,a
2896,heartily,2,r
2897,resistance,2,n
2898,unmercifully,2,r
2899,wish_fulfil,2,n
2900,boast,2,n
2901,weariness,2,n
2902,underground_passage,2,n
2903,afford,2,n
2904,important,2,a
2905,aigrette,2,n
2906,awaits,2,n
2907,remedy,2,n
2908,endure,2,n
2909,tormentor,2,n
2910,life-giving,2,n
2911,horrify,2,n
2912,diadem,2,n
2913,worship,2,n
2914,temptation,2,n
2915,thereof,2,n
2916,solid,2,a
2917,weak,2,a
2918,consciousness,2,n
2919,famine,2,n
2920,smash,2,n
2921,precious,2,a
2922,foreboding,2,v
2923,impostor,2,n
2924,scrub,2,n
2925,cripple,2,n
2926,press_forward,2,n
2927,wrung_hand,2,n
2928,mysteriously,2,r
2929,lamentation,2,n
2930,window-sill,2,n
2931,lady_court,2,n
2932,rejoin,2,n
2933,accurse,2,n
2934,fellowmen,2,n
2935,stir,2,n
2936,wayside,2,n
2937,great_excitement,2,n
2938,dine,2,n
2939,bitch,2,n
2940,snarl,2,n
2941,smoke,2,n
2942,kindle_fire,2,n
2943,dull,2,n
2944,preparation_make,2,n
2945,miracle,2,n
2946,furnish,2,a
2947,pluck,2,n
2948,dipper,2,n
2949,reach_shore,2,n
2950,ungrateful,2,a
2951,noiselessly,2,r
2952,judgment,2,n
2953,space,2,n
2954,peer,2,n
2955,hitch,2,n
2956,finish_work,2,n
2957,contains,2,n
2958,high_wall,2,n
2959,toldyou,2,n
2960,repair,2,n
2961,blaze,2,n
2962,brightly,2,r
2963,kinkach,2,n
2964,depend,2,n
2965,endow,2,n
2966,beam,2,n
2967,rivet,2,n
2968,wheezy,2,n
2969,rein,2,n
2970,anguish,2,n
2971,bending,2,n
2972,crouch,2,a
2973,underneath,2,n
2974,gold_precious,2,a
2975,defeat,2,n
2976,bramble,2,a
2977,violent,2,n
2978,token,2,n
2979,green_grass,2,n
2980,damp,2,n
2981,skein,2,n
2982,horse_harness,2,n
2983,golden_shoe,2,n
2984,hump,2,n
2985,earth_tremble,2,a
2986,sceptre,2,n
2987,everyone,2,n
2988,potful,2,n
2989,crossroad,2,n
2990,hold_tight,2,n
2991,spurt,2,n
2992,glowed,2,n
2993,indignantly,2,r
2994,strength-giving,2,n
2995,eternal,2,a
2996,drowsiness,2,n
2997,crow,2,n
2998,heed,2,n
2999,continually,2,r
3000,grant_request,2,n
3001,moor,2,n
3002,dense_forest,2,n
3003,milk-can,2,a
3004,anxiously,2,r
3005,countless,2,n
3006,threshold,2,n
3007,someone,2,n
3008,flock_geese,2,a
3009,well-tempered,2,a
3010,difference,2,n
3011,slipper,2,n
3012,stock,2,n
3013,seashore,2,n
3014,late_even,2,r
3015,cord,2,n
3016,lastly,2,r
3017,round_neck,2,n
3018,gird,2,n
3019,recompense,2,n
3020,hundredfold,2,n
3021,turn_pale,2,n
3022,debt,2,n
3023,whence_come,2,n
3024,invent,2,n
3025,fine_clothes,2,n
3026,dusk,2,n
3027,otherwise,2,r
3028,whichever,2,n
3029,wicked_witch,2,n
3030,drawn,2,n
3031,mission,2,n
3032,likeness,2,n
3033,happiest,2,n
3034,walk_along,2,n
3035,detect,2,n
3036,bank_stream,2,n
3037,flew_window,2,n
3038,cleverness,2,n
3039,trapping,2,v
3040,speech,2,n
3041,stuck_fast,2,n
3042,liar,2,n
3043,prick,2,n
3044,suck,2,n
3045,nobody_knew,2,n
3046,heave,2,n
3047,loudly,2,r
3048,spittle,2,n
3049,sent_servant,2,n
3050,excitement,2,n
3051,high_mountain,2,n
3052,square,2,n
3053,intention,2,n
3054,unlooked-for,2,a
3055,suite,2,n
3056,marriage_ceremony,2,n
3057,tray,2,n
3058,without_slightest,2,a
3059,doll,2,n
3060,insensible,2,a
3061,plea,2,n
3062,roost,2,n
3063,meaning,2,n
3064,apparently,2,r
3065,brave_warrior,2,n
3066,acquaintance,2,n
3067,furthest,2,n
3068,freed,2,n
3069,impatiently,2,r
3070,accustom,2,n
3071,fatter,2,n
3072,shut_door,2,n
3073,whole_country,2,n
3074,devote,2,n
3075,ambitious,2,a
3076,alarm,2,n
3077,afoot,2,n
3078,proceed,2,n
3079,virgin,2,n
3080,mingle,2,n
3081,newly,2,r
3082,small_piece,2,n
3083,ripe_fruit,2,n
3084,table-cloth,2,n
3085,spoke_kindly,2,r
3086,twenty-four_hour,2,n
3087,distrust,2,n
3088,espy,2,n
3089,mountain_valley,2,n
3090,whole_world,2,n
3091,without_delay,2,n
3092,depends,2,n
3093,besought,2,n
3094,fully,2,r
3095,brandy,2,n
3096,bethought,2,n
3097,good_meal,2,n
3098,rare,2,n
3099,burst_laughter,2,n
3100,much_astonish,2,n
3101,cheerfully,2,r
3102,ridden,2,n
3103,term,2,n
3104,proverb,2,n
3105,weep_bitterly,2,r
3106,beetle,2,n
3107,jerk,2,n
3108,dirt,2,n
3109,drank_fill,2,n
3110,crumble,2,a
3111,sometime,2,r
3112,coward,2,n
3113,seven,2,n
3114,merrily,2,r
3115,wild_boar,2,n
3116,bird_sang,2,n
3117,simply,2,r
3118,fish-pond,2,n
3119,unsuccessful,2,a
3120,disappointed,2,a
3121,cough,2,n
3122,godfather,2,n
3123,nowadays,2,n
3124,coffee-house,2,n
3125,marvellously,2,r
3126,anyway,2,r
3127,grace,2,n
3128,show_gratitude,2,n
3129,submit,2,n
3130,common,2,a
3131,escort,2,n
3132,personage,2,n
3133,croaked,2,n
3134,reopen,2,v
3135,bread_cheese,2,n
3136,graciously,2,r
3137,sweetness,2,n
3138,wherefore,2,n
3139,assailant,2,n
3140,somewhere_else,2,n
3141,whole_kingdom,2,n
3142,drowsy,2,n
3143,stamp,2,n
3144,elbow,2,n
3145,grunt,2,n
3146,numerous,2,a
3147,neatly,2,r
3148,plough,2,n
3149,traveler,2,n
3150,war-trumpet,2,n
3151,palm_hand,2,n
3152,swoop_upon,2,n
3153,festival,2,n
3154,cloud_dust,2,n
3155,impressed,2,a
3156,martinko,2,n
3157,clutch,2,n
3158,carpet,2,n
3159,hose,2,n
3160,furniture,2,n
3161,turn_somersault,2,n
3162,shortly,2,r
3163,behind_bush,2,n
3164,pommel,2,n
3165,serve_faithfully,2,r
3166,grasp,2,n
3167,tune,2,n
3168,violently,2,r
3169,sway,2,n
3170,living_creature,2,n
3171,hound,2,n
3172,sake,2,n
3173,restless,2,n
3174,negro,2,n
3175,welfare,2,n
3176,sneeze,2,n
3177,inscription,2,n
3178,sudden,2,a
3179,nestle,2,r
3180,hush,2,n
3181,credit,2,n
3182,godson,2,n
3183,assume,2,v
3184,worried,2,a
3185,boarhound,2,n
3186,towards_sunset,2,n
3187,left-hand,2,n
3188,final,2,a
3189,birch,2,n
3190,barely,2,r
3191,pacify,2,n
3192,beckon,2,n
3193,capable,2,a
3194,whilst,2,n
3195,stand_outside,2,n
3196,worn-out,2,n
3197,cuckoo,2,n
3198,man-eater,2,n
3199,grim,2,n
3200,human_form,2,n
3201,comfortably,2,r
3202,drooped,2,n
3203,shrink,2,n
3204,glow,2,n
3205,hack,2,n
3206,redskin,2,n
3207,related_adventure,2,n
3208,laid_hold,2,n
3209,scar,2,n
3210,grandchild,2,n
3211,choose_husband,2,n
3212,remembrance,2,n
3213,wilder,2,n
3214,result,2,n
3215,linger,2,n
3216,dense,2,n
3217,foam,2,n
3218,lawn,2,n
3219,condemn,2,n
3220,perfectly_happy,2,a
3221,strangle,2,n
3222,eternity,2,n
3223,bright-eyes,2,n
3224,rummage,1,n
3225,become_invisible,1,a
3226,rafter,1,n
3227,sung,1,n
3228,ugly_creature,1,n
3229,adore,1,n
3230,majordomo,1,n
3231,will,1,n
3232,fiercer,1,n
3233,juice,1,n
3234,panic,1,n
3235,entry,1,n
3236,wedding_guest,1,a
3237,outcome,1,n
3238,propped,1,n
3239,tightly,1,r
3240,uncomfortable,1,a
3241,evidently,1,r
3242,emotion,1,n
3243,newly-made,1,a
3244,notwithstanding,1,v
3245,alter,1,n
3246,uglier,1,n
3247,messenger_sent,1,n
3248,stain,1,n
3249,bird_sing,1,n
3250,unutterably,1,r
3251,prop,1,n
3252,hence,1,n
3253,garret,1,n
3254,delightful,1,n
3255,hollow_trunk,1,n
3256,carver,1,n
3257,feast_spread,1,n
3258,extend,1,n
3259,wistful,1,n
3260,unworthy,1,a
3261,irritation,1,n
3262,idleness,1,n
3263,ware,1,n
3264,ravishingly,1,r
3265,rugged,1,v
3266,rave,1,v
3267,sorceress,1,n
3268,knife_fork,1,n
3269,naked,1,a
3270,sunburn,1,n
3271,sheepish,1,n
3272,bacon,1,n
3273,backwards,1,n
3274,heard_noise,1,n
3275,father-in-law,1,n
3276,unnecessary,1,a
3277,confusion,1,n
3278,passer-by,1,n
3279,next_sunday,1,n
3280,mother-in-law,1,n
3281,everyone_else,1,r
3282,squander,1,n
3283,vigour,1,n
3284,stone-throws,1,n
3285,footsore,1,n
3286,infatuation,1,n
3287,chime,1,n
3288,subsist,1,n
3289,deceitful,1,n
3290,unconditional,1,a
3291,valuable,1,a
3292,far-off,1,n
3293,revenge,1,n
3294,juniper,1,n
3295,coffee,1,n
3296,carrier,1,n
3297,linnet,1,n
3298,luscious,1,a
3299,struck_dumb,1,n
3300,much_frighten,1,n
3301,good-natured,1,a
3302,soft-hearted,1,a
3303,follow_advice,1,n
3304,craftily,1,r
3305,consent_marry,1,n
3306,encamp,1,n
3307,leave_alone,1,n
3308,bind,1,n
3309,surrender,1,n
3310,demonstrate,1,n
3311,regard,1,n
3312,post,1,n
3313,under-gardener,1,n
3314,wage,1,n
3315,glide,1,n
3316,simplicity,1,n
3317,evil-wishers,1,n
3318,habit,1,n
3319,distract,1,n
3320,specious,1,a
3321,lately,1,r
3322,drink_water,1,n
3323,highway,1,n
3324,dear_dear,1,n
3325,meek,1,n
3326,among_rock,1,n
3327,print,1,n
3328,tunic,1,n
3329,unfruitful,1,a
3330,estate,1,n
3331,bestow_upon,1,n
3332,call_loudly,1,r
3333,warms,1,n
3334,uninhabited,1,a
3335,derision,1,n
3336,clapped,1,n
3337,dazzle_beauty,1,n
3338,stillyoung,1,n
3339,destine,1,n
3340,random,1,n
3341,amble,1,a
3342,lovelier,1,n
3343,conclusion,1,n
3344,fret,1,n
3345,appoint_hour,1,n
3346,inhabit,1,n
3347,radiance,1,n
3348,wonderingly,1,r
3349,palfrey,1,n
3350,reed,1,n
3351,misfortune_befallen,1,n
3352,disliked,1,n
3353,fifteen_year,1,n
3354,ravenously,1,r
3355,tangle,1,n
3356,outnumber,1,n
3357,noisy,1,n
3358,belonging,1,n
3359,clay,1,n
3360,flat,1,a
3361,repay,1,n
3362,sang_song,1,n
3363,gisar,1,n
3364,wild_animal,1,n
3365,duck_swam,1,n
3366,remarkable,1,a
3367,rumor,1,n
3368,extent,1,n
3369,hate,1,n
3370,break_spell,1,n
3371,hearted,1,v
3372,daughter-in-law,1,n
3373,oftener,1,n
3374,wherewith,1,n
3375,contrive,1,n
3376,obstacle,1,n
3377,trophy,1,n
3378,breach,1,n
3379,high_tower,1,n
3380,lump,1,n
3381,melt_away,1,n
3382,poplar,1,n
3383,contrary,1,a
3384,tend_flock,1,n
3385,problem,1,n
3386,remainancient,1,n
3387,play_flute,1,n
3388,solve,1,n
3389,hesitation,1,n
3390,henry,1,n
3391,haze,1,n
3392,paul,1,n
3393,dogskin,1,n
3394,shrank,1,n
3395,joseph,1,n
3396,culprit,1,n
3397,meditation,1,n
3398,conjecture,1,n
3399,bobbin,1,n
3400,tore_hair,1,n
3401,punctually,1,r
3402,fine_linen,1,n
3403,spinning-wheel,1,n
3404,material,1,n
3405,to-do,1,n
3406,uncanny,1,a
3407,pastor,1,n
3408,deep_hole,1,n
3409,leant,1,n
3410,mouse,1,n
3411,visibly,1,r
3412,torn_piece,1,n
3413,richly_dress,1,n
3414,doubly,1,r
3415,eagerly,1,r
3416,hump-backed,1,a
3417,enter_hall,1,n
3418,slash,1,n
3419,table_cover,1,n
3420,brilliantly_light,1,n
3421,dining-hall,1,n
3422,beat_breast,1,n
3423,endless,1,n
3424,sprung,1,n
3425,coach,1,n
3426,hunger_thirst,1,n
3427,christian,1,n
3428,listen_attentively,1,r
3429,busily,1,r
3430,north_south,1,n
3431,deep_valley,1,n
3432,light_candle,1,n
3433,several_hour,1,n
3434,full_sorrow,1,n
3435,fertile,1,n
3436,player,1,n
3437,memory,1,n
3438,creep,1,n
3439,satisfactorily,1,r
3440,betray,1,n
3441,clearmy,1,n
3442,turf,1,n
3443,court–nothing,1,v
3444,barberupon,1,n
3445,doggy,1,n
3446,green_silk,1,n
3447,unmarried,1,a
3448,speedily,1,r
3449,giddy,1,n
3450,befall,1,n
3451,pine-tree,1,a
3452,confession,1,n
3453,new-comer,1,n
3454,expand,1,n
3455,satisfactory,1,n
3456,acre,1,n
3457,inflate,1,n
3458,heart-sick,1,n
3459,finish_speak,1,n
3460,spinner,1,n
3461,upwards,1,n
3462,play_tune,1,n
3463,assurance,1,n
3464,cause_grief,1,n
3465,yield,1,n
3466,fortification,1,n
3467,queer,1,n
3468,horse_bridle,1,n
3469,golden_thread,1,n
3470,shorten,1,n
3471,unlighted,1,a
3472,tallest_tree,1,n
3473,wink,1,n
3474,climb_tree,1,n
3475,stood_still,1,n
3476,spur_horse,1,n
3477,ill-use,1,n
3478,flat_stone,1,n
3479,timidly,1,r
3480,watchfulness,1,n
3481,profusion,1,n
3482,chimney,1,n
3483,harrap,1,n
3484,severe,1,a
3485,1920,1,n
3486,blame,1,n
3487,robber,1,n
3488,conclude,1,n
3489,artisan,1,n
3490,wring_neck,1,n
3491,necessity,1,n
3492,nave,1,n
3493,gigantic,1,a
3494,several_year,1,n
3495,enchanter,1,n
3496,shutter,1,n
3497,exquisite,1,n
3498,raspberry,1,n
3499,wring,1,v
3500,gracious,1,a
3501,presentiment,1,n
3502,barren,1,n
3503,foundation,1,n
3504,insensibility,1,n
3505,stillrich,1,n
3506,snare,1,n
3507,silvery,1,n
3508,suitable,1,a
3509,forgiveness,1,n
3510,honourable,1,a
3511,chestnut,1,n
3512,daunt,1,n
3513,browning,1,n
3514,lair,1,n
3515,wherein,1,n
3516,grumble,1,a
3517,crow_flew,1,n
3518,aisle,1,n
3519,sorrowfully,1,r
3520,looked–and,1,n
3521,faithful_servant,1,n
3522,homage,1,n
3523,horse_neigh,1,n
3524,especially,1,r
3525,occupation,1,n
3526,deliverance,1,n
3527,blushing,1,n
3528,true_bride,1,n
3529,light_taper,1,n
3530,ziziupon,1,n
3531,heardupon,1,n
3532,sleepy,1,n
3533,enrapture,1,n
3534,bread_wine,1,n
3535,tart,1,n
3536,previous,1,a
3537,geese,1,a
3538,fair-,1,n
3539,evermore,1,n
3540,preserve,1,n
3541,beef,1,n
3542,haired,1,v
3543,wedding-day,1,n
3544,convey,1,n
3545,eternally,1,r
3546,stead,1,n
3547,devout,1,n
3548,brandishing,1,n
3549,standstill,1,n
3550,blue-eyed,1,a
3551,descendant,1,n
3552,abode,1,n
3553,longsultan,1,n
3554,larder,1,n
3555,blood_flow,1,n
3556,bright_light,1,n
3557,brick-,1,n
3558,sunk,1,n
3559,drank_drank,1,n
3560,stretch_hand,1,n
3561,laughing-stock,1,n
3562,thirty,1,n
3563,pretty_girl,1,n
3564,epaulet,1,n
3565,slip_finger,1,n
3566,envy,1,n
3567,gilt,1,n
3568,pour_forth,1,n
3569,wandering,1,v
3570,bent_head,1,n
3571,louder_ever,1,n
3572,cric-crac,1,n
3573,wring_hand,1,n
3574,virtue,1,n
3575,twenty_mile,1,n
3576,rigidity,1,n
3577,district,1,n
3578,hoot,1,n
3579,throw_stone,1,n
3580,cross-legged,1,a
3581,hour_pass,1,n
3582,sharpest,1,n
3583,high_heaven,1,n
3584,caste,1,n
3585,along_path,1,n
3586,twelve_clock,1,n
3587,jacket,1,n
3588,abundant,1,n
3589,hoarse,1,n
3590,offer_service,1,n
3591,by-and-by,1,n
3592,discovery,1,n
3593,nought,1,n
3594,tuck,1,n
3595,golden_crown,1,n
3596,signing,1,n
3597,painful,1,n
3598,remainlong,1,n
3599,moment_hesitation,1,n
3600,indifferent,1,n
3601,selfish,1,n
3602,clock_strike,1,n
3603,hussar,1,n
3604,housewife,1,n
3605,clank,1,n
3606,ghost,1,n
3607,give_permission,1,n
3608,earn_living,1,v
3609,fast_asleep,1,n
3610,shrug_shoulder,1,n
3611,letter_write,1,n
3612,treat_kindly,1,r
3613,somebody_else,1,n
3614,tumble,1,n
3615,confuse,1,n
3616,youngster,1,n
3617,clothe,1,n
3618,stillpoor,1,n
3619,magnificent_palace,1,n
3620,voyage,1,n
3621,new-found,1,n
3622,long-lost,1,n
3623,quite_forgot,1,n
3624,spend_night,1,n
3625,mineral,1,n
3626,wood-cutter,1,n
3627,carefully-made,1,n
3628,poorest,1,n
3629,hurriedly,1,r
3630,smelt,1,n
3631,parish,1,n
3632,various_kind,1,n
3633,forsaken,1,n
3634,familiarly,1,r
3635,million,1,n
3636,savoury,1,n
3637,liquid,1,n
3638,martin–he,1,n
3639,why–felt,1,n
3640,serene,1,n
3641,outdone,1,n
3642,turn_upside,1,n
3643,mystery,1,n
3644,risk_life,1,n
3645,curl,1,n
3646,shameless,1,n
3647,accepted_invitation,1,n
3648,gobble,1,a
3649,hunk,1,n
3650,half-frightened,1,a
3651,exhaustion,1,n
3652,deepest,1,n
3653,soothingly,1,r
3654,complaint,1,n
3655,archer,1,n
3656,flag,1,n
3657,truce,1,n
3658,commit_crime,1,n
3659,thoughtless,1,n
3660,crown_head,1,n
3661,carcass,1,n
3662,ambition,1,n
3663,forgave,1,n
3664,prowl,1,n
3665,example,1,n
3666,grandson,1,n
3667,founder,1,n
3668,honesty,1,n
3669,chock-full,1,n
3670,wonder_whether,1,n
3671,indebted,1,a
3672,precious_jewel,1,n
3673,recline,1,n
3674,gusto,1,n
3675,inquisitive,1,a
3676,disappearance,1,n
3677,copy,1,n
3678,quite_plainly,1,r
3679,five_minute,1,n
3680,unearthly,1,r
3681,five_hundred,1,v
3682,diligently,1,r
3683,trustworthy,1,n
3684,lancer,1,n
3685,terrible_rage,1,n
3686,obtain_possession,1,n
3687,native,1,a
3688,depend_upon,1,n
3689,roosterlong,1,n
3690,passer,1,n
3691,whip,1,n
3692,food_shelter,1,n
3693,unsatisfied,1,a
3694,vanish,1,n
3695,and–as,1,n
3696,knew–eating,1,v
3697,handwrite,1,n
3698,outdid,1,n
3699,cock-a-doodle-do,1,n
3700,leak,1,n
3701,borrow,1,n
3702,deserves,1,n
3703,clucked,1,n
3704,gorge,1,n
3705,seven_year,1,n
3706,cavalier,1,n
3707,elaborate,1,n
3708,boudoir,1,n
3709,capacity,1,n
3710,quite_willing,1,v
3711,portico,1,n
3712,fine_fellow,1,n
3713,elderly,1,r
3714,thou_dost,1,n
3715,expense,1,n
3716,suit_clothes,1,n
3717,slut,1,n
3718,presentable,1,a
3719,overseer,1,n
3720,wardrobe,1,n
3721,fragrance,1,n
3722,receive_kindly,1,r
3723,unable_move,1,n
3724,read_write,1,n
3725,hollow,1,n
3726,dove_flew,1,n
3727,royally,1,r
3728,star-shaped,1,a
3729,intruder,1,n
3730,bobbing,1,n
3731,summer,1,n
3732,scaffold,1,n
3733,watcher,1,n
3734,twenty,1,n
3735,kept_silence,1,n
3736,verdure,1,n
3737,september,1,n
3738,fading,1,n
3739,bravo,1,n
3740,barricade,1,n
3741,peacefulking,1,v
3742,benumbed,1,n
3743,keeper,1,n
3744,choir,1,n
3745,flake,1,n
3746,remarkably,1,r
3747,successive,1,n
3748,strict,1,n
3749,disdainfully,1,r
3750,greybeard,1,n
3751,clearly,1,r
3752,follow_direction,1,n
3753,harrow,1,n
3754,forbade,1,n
3755,contention,1,n
3756,ever_taste,1,n
3757,ill-treatment,1,n
3758,thunderbolt,1,n
3759,perum,1,n
3760,well-tried,1,a
3761,regiment,1,n
3762,heather,1,n
3763,bracken,1,n
3764,colchicum,1,n
3765,gillyflower,1,n
3766,fleabane,1,n
3767,visible,1,a
3768,snow_melt,1,n
3769,june,1,n
3770,opposite,1,n
3771,tyrannical,1,a
3772,tight,1,n
3773,angelic,1,n
3774,scolding,1,v
3775,city_gate,1,n
3776,gayer,1,n
3777,milked,1,n
3778,disturbed,1,n
3779,wove,1,n
3780,prettier,1,n
3781,factory,1,n
3782,quite_safe,1,n
3783,naturewidow,1,n
3784,scroll,1,n
3785,wedge,1,n
3786,reality,1,n
3787,outbid,1,n
3788,buyer,1,n
3789,digest,1,n
3790,shrewd,1,n
3791,entertainment,1,n
3792,bright_color,1,n
3793,stoop_picked,1,v
3794,jerked,1,n
3795,color,1,n
3796,blood-red,1,a
3797,tress,1,n
3798,golden_comb,1,n
3799,behaviour,1,n
3800,grumpy,1,n
3801,narrowly,1,r
3802,ugliness,1,n
3803,comest_thou,1,n
3804,bolt_door,1,n
3805,hold_tongue,1,n
3806,unkindly,1,r
3807,primrose,1,n
3808,warrant,1,n
3809,dislodge,1,n
3810,arrives,1,n
3811,conquest,1,n
3812,courtesy,1,n
3813,january,1,n
3814,gentleness,1,n
3815,soap,1,n
3816,sate,1,n
3817,approve,1,v
3818,pain_death,1,n
3819,high_peak,1,n
3820,pathway,1,n
3821,river_flow,1,n
3822,hindrance,1,n
3823,wood-violets,1,n
3824,await_arrival,1,n
3825,sweeter,1,n
3826,siege,1,n
3827,privation,1,n
3828,swore,1,n
3829,open_mouth,1,n
3830,weaker_weaker,1,n
3831,army_march,1,n
3832,vaguely,1,r
3833,unlike,1,n
3834,riddance,1,n
3835,beautifully-written,1,n
3836,snip,1,n
3837,smoking,1,n
3838,scissors,1,n
3839,groped,1,n
3840,bribed,1,n
3841,divert,1,n
3842,notion,1,n
3843,show_sign,1,n
3844,jealousy,1,n
3845,waistcoat,1,n
3846,respond,1,n
3847,hotter,1,n
3848,grandfather,1,n
3849,orange_tree,1,n
3850,madness,1,n
3851,wisdom,1,n
3852,lantern,1,n
3853,sleep_soundly,1,r
3854,depth_forest,1,n
3855,wind_whistle,1,n
3856,road_lead,1,n
3857,wide_awake,1,n
3858,pretend_asleep,1,n
3859,trunk,1,n
3860,braggart,1,n
3861,able-bodied,1,a
3862,mischief,1,n
3863,know_whether,1,n
3864,valor,1,n
3865,amand,1,n
3866,destruction,1,n
3867,asunder,1,n
3868,wheel-chair,1,n
3869,clothes_torn,1,n
3870,throughout_land,1,n
3871,warns,1,n
3872,choked,1,n
3873,sleep–scratch,1,n
3874,cowardly,1,r
3875,treachery,1,n
3876,drew_rein,1,n
3877,amour,1,n
3878,ward,1,n
3879,awakens,1,n
3880,deep_sleep,1,n
3881,toil,1,n
3882,coax,1,n
3883,lilie,1,n
3884,sends,1,n
3885,faith,1,n
3886,negress,1,n
3887,monkey,1,n
3888,ill-natured,1,a
3889,prior,1,r
3890,abbey,1,n
3891,saint,1,n
3892,scoffed,1,n
3893,seemly,1,n
3894,dwells,1,n
3895,heat_oven,1,n
3896,scorch,1,n
3897,happythree,1,n
3898,transport,1,n
3899,defenseless,1,n
3900,dutiful,1,n
3901,befool,1,n
3902,evident,1,n
3903,ensnare,1,n
3904,scowl,1,n
3905,slide,1,n
3906,fruit–,1,n
3907,trickery,1,n
3908,unhappily,1,r
3909,sailor,1,n
3910,prettiest,1,n
3911,female,1,n
3912,shock,1,n
3913,folly,1,r
3914,exhaust,1,n
3915,quack_quack,1,n
3916,coldly,1,r
3917,nosegay,1,n
3918,poplar_tree,1,n
3919,audience,1,n
3920,crave,1,n
3921,learn_lesson,1,n
3922,sixteen_year,1,n
3923,board,1,n
3924,penalty,1,n
3925,industry,1,n
3926,favorite,1,n
3927,storehouse,1,n
3928,great_delight,1,n
3929,prosperousever,1,n
3930,opposite_side,1,n
3931,stately,1,r
3932,billiard,1,n
3933,prong,1,n
3934,wreath,1,n
3935,scour,1,n
3936,ruling,1,n
3937,green_leaf,1,n
3938,rope_rope,1,n
3939,twine,1,n
3940,anoint,1,n
3941,tallest,1,n
3942,nevergave,1,n
3943,travel-stained,1,a
3944,crew,1,n
3945,shabby,1,n
3946,trudge,1,n
3947,heaven_grant,1,n
3948,wool,1,n
3949,cleaning,1,n
3950,market,1,n
3951,anchor,1,n
3952,burst_forth,1,n
3953,mid-day,1,n
3954,skim,1,n
3955,practice,1,n
3956,stave,1,n
3957,shoot,1,n
3958,writhe,1,n
3959,center,1,n
3960,a-fire,1,n
3961,gipsy,1,n
3962,wide-spreading,1,n
3963,upper_world,1,n
3964,habitation,1,n
3965,unprotected,1,a
3966,marriedyoung,1,n
3967,lock_hair,1,n
3968,merrymaking,1,v
3969,amidst,1,n
3970,whim,1,n
3971,dash_piece,1,n
3972,balance,1,n
3973,fountainlive,1,a
3974,gloriously,1,r
3975,rear,1,n
3976,cruelty,1,n
3977,flank,1,n
3978,whiff,1,n
3979,caught_glimpse,1,n
3980,gathering,1,n
3981,stantly,1,r
3982,burnish,1,n
3983,clump,1,n
3984,olden,1,n
3985,readiness,1,n
3986,wildly,1,r
3987,helplessly,1,r
3988,wobbly,1,r
3989,darkly,1,n
3990,renew,1,n
3991,slimy,1,n
3992,fragment,1,n
3993,leathern,1,n
3994,breathy,1,n
3995,wrought,1,n
3996,biscuit,1,n
3997,compose,1,n
3998,forefatherhorrible,1,a
3999,forget-me-not,1,n
4000,entrance_cave,1,v
4001,rocky,1,n
4002,mountainside,1,n
4003,well-to-do,1,n
4004,desirable,1,a
4005,misgiving,1,v
4006,do–to,1,n
4007,protest,1,n
4008,ghostly,1,r
4009,reward_kindness,1,n
4010,daddy,1,n
4011,passage_lead,1,n
4012,nearly_faint,1,n
4013,tramped,1,n
4014,swear,1,n
4015,face_brighten,1,n
4016,tremble_fear,1,n
4017,thrill,1,n
4018,threateningly,1,r
4019,eleventh,1,n
4020,caught_trap,1,n
4021,tomorrow,1,n
4022,flounder,1,n
4023,lumpy,1,n
4024,fuss,1,n
4025,fidget,1,n
4026,scrawny,1,n
4027,draw_sword,1,n
4028,undertakes,1,n
4029,palm,1,n
4030,outrage,1,n
4031,fails,1,n
4032,speak_truth,1,n
4033,rainbow,1,n
4034,commit,1,n
4035,outstrip,1,n
4036,outrace,1,n
4037,midsummer,1,n
4038,murderous,1,a
4039,decreed,1,n
4040,blessesupon,1,n
4041,concerned,1,a
4042,overtaken,1,n
4043,cambrinus,1,n
4044,sixth,1,n
4045,man–by,1,n
4046,fattest–in,1,n
4047,tenth,1,n
4048,scrap,1,n
4049,trap,1,n
4050,modest,1,a
4051,certainty,1,n
4052,burly,1,r
4053,kidnap,1,n
4054,terrace,1,n
4055,fledgling,1,n
4056,stifle,1,n
4057,uproar,1,n
4058,hoarse_voice,1,n
4059,trot,1,n
4060,bride-to-be,1,n
4061,assuage,1,n
4062,grief-stricken,1,a
4063,commotion,1,n
4064,green_willow,1,n
4065,rascally,1,r
4066,refuge,1,n
4067,hoofprint,1,n
4068,richly,1,r
4069,grassy,1,n
4070,prettily,1,r
4071,twilight,1,n
4072,fence,1,n
4073,joyous,1,a
4074,cackle,1,n
4075,curtsy,1,n
4076,tumble-down,1,a
4077,limp,1,n
4078,bakes,1,n
4079,jeered,1,n
4080,esteem,1,n
4081,weeps,1,n
4082,personupon,1,n
4083,sweet-tempered,1,a
4084,bead,1,n
4085,fervently,1,r
4086,sleeper,1,n
4087,merciful,1,n
4088,preach,1,n
4089,piteously,1,r
4090,jailor,1,n
4091,scarlet,1,n
4092,glove,1,n
4093,meekly,1,n
4094,withdrew,1,n
4095,weave,1,n
4096,toilette,1,n
4097,prey,1,n
4098,lightning_flash,1,n
4099,hell,1,n
4100,rebuke,1,n
4101,adorable,1,a
4102,station,1,n
4103,contemptuously,1,r
4104,beating_drum,1,n
4105,prouder,1,n
4106,moonlight_night,1,n
4107,islander,1,n
4108,poisonous,1,a
4109,manor,1,n
4110,insult,1,n
4111,terribly,1,r
4112,rosary,1,n
4113,fervour,1,n
4114,maniac,1,n
4115,carriage_drove,1,n
4116,blackest,1,n
4117,attire,1,n
4118,youthful,1,n
4119,broader,1,n
4120,accommodate,1,n
4121,dependent,1,n
4122,journeyed,1,n
4123,slight,1,n
4124,gaunt,1,n
4125,hospitality,1,n
4126,lain,1,n
4127,richest,1,n
4128,good-by,1,n
4129,accident,1,n
4130,browse,1,n
4131,echoed,1,n
4132,wider,1,n
4133,glisten,1,n
4134,civil,1,a
4135,brokendown,1,n
4136,move_slowly,1,r
4137,slice,1,n
4138,cavern,1,n
4139,earthquake,1,n
4140,grotesque,1,n
4141,torch,1,n
4142,whatsoever,1,n
4143,madam,1,n
4144,gratify,1,n
4145,unawares,1,n
4146,realise,1,n
4147,recall,1,n
4148,wellthree,1,n
4149,hardworking,1,v
4150,accumulate,1,n
4151,scheme,1,n
4152,quite_content,1,n
4153,withal,1,n
4154,span,1,n
4155,abundance,1,n
4156,door_lock,1,n
4157,imitate,1,n
4158,hedgehog,1,n
4159,uncertainly,1,r
4160,passion,1,n
4161,recrossed,1,v
4162,disaster,1,n
4163,belfry,1,n
4164,greeting,1,v
4165,hopelessly,1,r
4166,adventurecobbler,1,n
4167,busying,1,n
4168,saturday,1,n
4169,mend,1,n
4170,trusty,1,n
4171,delayed,1,n
4172,swung,1,n
4173,bristle,1,n
4174,induce,1,n
4175,marble_palace,1,n
4176,departure,1,n
4177,absorbed,1,n
4178,tapped,1,n
4179,treble,1,a
4180,heirship,1,n
4181,ladybird,1,n
4182,sunlight,1,n
4183,disease,1,n
4184,precisely,1,r
4185,gallery,1,n
4186,speck,1,n
4187,jugglery,1,n
4188,shoemaker,1,n
4189,doctrine,1,n
4190,dedicates,1,n
4191,would_gladly,1,r
4192,make_haste,1,n
4193,entrust,1,n
4194,dizziness,1,n
4195,revile,1,n
4196,united,1,a
4197,preserver,1,n
4198,note,1,n
4199,curious_know,1,n
4200,sprain,1,n
4201,stout,1,n
4202,range,1,n
4203,profit,1,n
4204,simpleton,1,n
4205,self-possession,1,n
4206,victual,1,a
4207,waver,1,n
4208,kindest,1,n
4209,lucky_enough,1,n
4210,fortunate,1,n
4211,parson,1,n
4212,sorely,1,r
4213,becomes,1,n
4214,dinner-basket,1,n
4215,compassionate,1,n
4216,selfsame,1,n
4217,knavish,1,v
4218,front_door,1,n
4219,detain,1,n
4220,unfolded,1,a
4221,livelihood,1,n
4222,misfortunecertain,1,n
4223,summons,1,n
4224,croak,1,n
4225,rise_surface,1,n
4226,cunningly,1,r
4227,empire,1,n
4228,thud,1,n
4229,sixty,1,n
4230,outer,1,n
4231,eighteen,1,n
4232,strangely,1,r
4233,personally,1,r
4234,ambassador,1,n
4235,consultation,1,n
4236,sent_messenger,1,n
4237,padlock,1,n
4238,accordance,1,n
4239,decision,1,n
4240,lattice,1,n
4241,irresistible,1,a
4242,mist,1,n
4243,great_difficulty,1,n
4244,forbidden,1,n
4245,seventeen,1,n
4246,jessamine,1,n
4247,iron_chain,1,n
4248,tore_piece,1,n
4249,unloosed,1,a
4250,talon,1,n
4251,squawk,1,n
4252,wrung,1,n
4253,wash_face,1,n
4254,pompously,1,r
4255,delicacy,1,n
4256,captivity,1,n
4257,deny,1,n
4258,war-horse,1,n
4259,might_easily,1,r
4260,shepherdlive,1,n
4261,surpass,1,n
4262,oaken,1,n
4263,orchard,1,n
4264,butterfly,1,n
4265,wield,1,n
4266,swaddling-clothes,1,n
4267,forefather,1,n
4268,alive_dead,1,n
4269,daylight,1,n
4270,thrive,1,n
4271,hour_hour,1,n
4272,weapon,1,n
4273,sable,1,a
4274,climbed_high,1,n
4275,fist,1,n
4276,whithersoever,1,n
4277,imprison,1,n
4278,bidding_farewell,1,n
4279,consists,1,n
4280,indescribable,1,a
4281,eyebrow,1,n
4282,speechless,1,n
4283,manfully,1,r
4284,title,1,n
4285,throughout,1,n
4286,seeker,1,n
4287,summer_winter,1,n
4288,footing,1,n
4289,battle,1,n
4290,fierceness,1,n
4291,week_later,1,n
4292,broken-hearted,1,a
4293,distribute,1,n
4294,good_health,1,n
4295,noble_lady,1,a
4296,everlasting,1,v
4297,needy,1,n
4298,unleashed,1,a
4299,encouragement,1,n
4300,construct,1,n
4301,nearby,1,r
4302,wrench,1,n
4303,swiftness,1,n
4304,homewards,1,n
4305,chuckle,1,n
4306,richer,1,n
4307,diamond_ruby,1,n
4308,sapphire,1,n
4309,unhitched,1,a
4310,sits,1,n
4311,open_gate,1,n
4312,successfully,1,r
4313,boundary,1,n
4314,cattle,1,n
4315,mistreat,1,n
4316,difficult_task,1,n
4317,scoop,1,n
4318,sodom,1,n
4319,wisp,1,n
4320,crossbar,1,n
4321,timber,1,n
4322,beautifully,1,r
4323,hewn,1,n
4324,pigsty,1,n
4325,hayrick,1,n
4326,bleeding,1,n
4327,pork,1,n
4328,munch,1,n
4329,veal,1,n
4330,scarcely_able,1,a
4331,gloat,1,n
4332,route,1,n
4333,swoop,1,n
4334,outcry,1,n
4335,quenched,1,n
4336,drunkard,1,n
4337,glutton,1,n
4338,history,1,n
4339,devise_plan,1,n
4340,whereby,1,n
4341,grazing,1,n
4342,sentiment,1,n
4343,blade_grass,1,n
4344,leash,1,n
4345,grime,1,n
4346,hare_hare,1,n
4347,challenged,1,n
4348,unafraid,1,n
4349,downcast,1,n
4350,avert,1,n
4351,overlook,1,n
4352,combat,1,n
4353,absolute,1,n
4354,bottom_lake,1,n
4355,late_afternoon,1,n
4356,gloomily,1,r
4357,undertaken,1,a
4358,garden_paradiseking,1,v
4359,hunter,1,n
4360,unduly,1,r
4361,alarmed,1,a
4362,game,1,n
4363,lure,1,n
4364,insect,1,n
4365,eats,1,n
4366,enters,1,n
4367,pivot,1,n
4368,doubtful,1,n
4369,movable,1,a
4370,underwood,1,n
4371,seat_throne,1,n
4372,dismount_horse,1,n
4373,patient,1,n
4374,pease-soup,1,n
4375,latch,1,n
4376,unfasten,1,a
4377,weaken,1,n
4378,debate,1,n
4379,banqueting,1,n
4380,leg–he,1,n
4381,betimes,1,n
4382,door-posts,1,n
4383,strong_desire,1,n
4384,door-post,1,n
4385,held_peace,1,n
4386,magic_power,1,n
4387,highly,1,r
4388,unhindered,1,a
4389,acquaint,1,n
4390,moped,1,n
4391,her–no,1,n
4392,uncombed,1,a
4393,outcast,1,n
4394,away–who,1,n
4395,–when,1,n
4396,child_born,1,n
4397,ill-will,1,n
4398,perch_upon,1,n
4399,proclamation,1,n
4400,halt,1,n
4401,clothing,1,n
4402,hover,1,n
4403,mangle,1,n
4404,labour,1,n
4405,consolingly,1,r
4406,crosswise,1,n
4407,birchen,1,n
4408,finery,1,n
4409,reassumed,1,v
4410,we–ah,1,n
4411,never_cease,1,n
4412,infant,1,n
4413,moan,1,n
4414,shiver,1,n
4415,atom,1,n
4416,smuggle,1,n
4417,conceivable,1,a
4418,mother-in-,1,n
4419,son–for,1,n
4420,aspens–perhaps,1,n
4421,recently,1,r
4422,heard_footstep,1,n
4423,sing–,1,n
4424,quieter,1,n
4425,precede,1,n
4426,bejewel,1,n
4427,description,1,n
4428,runaway,1,n
4429,ornament,1,n
4430,owner,1,n
4431,socket,1,n
4432,gather_together,1,n
4433,hard_work,1,n
4434,overthrew,1,n
4435,encircles,1,n
4436,file,1,n
4437,sack_full,1,n
4438,sneak,1,n
4439,opinion,1,n
4440,pretext,1,n
4441,cowhouse,1,n
4442,grandee,1,n
4443,scarcely_spoken,1,n
4444,tree–a,1,n
4445,broth,1,n
4446,throve,1,n
4447,operation,1,n
4448,quart,1,n
4449,loan,1,n
4450,undone,1,n
4451,weigh,1,n
4452,thou_wilt,1,n
4453,honestly,1,r
4454,quite_easy,1,n
4455,reckon,1,n
4456,east_wind,1,n
4457,ankle-deep,1,a
4458,knee-deep,1,n
4459,scantily,1,r
4460,reception,1,n
4461,roe-deer,1,n
4462,single_blow,1,n
4463,lent,1,n
4464,mockingly,1,r
4465,owes,1,n
4466,white-bearded,1,a
4467,thus_address,1,n
4468,plenty_money,1,n
4469,homeless,1,n
4470,miser,1,n
4471,thou_hast,1,n
4472,offend,1,n
4473,wilful,1,n
4474,grease,1,n
4475,justice,1,n
4476,thee_thou,1,n
4477,shalt,1,n
4478,week_month,1,n
4479,keptedge_wood,1,n
4480,band_robber,1,n
4481,length_reach,1,n
4482,swollen,1,n
4483,swept_away,1,n
4484,royal_stable,1,a
4485,mould,1,n
4486,outside_city,1,n
4487,taper,1,n
4488,blowing,1,n
4489,sabre,1,n
4490,groom,1,n
4491,unrecognised,1,a
4492,bundle,1,n
4493,exception,1,n
4494,shaveupon,1,n
4495,astray,1,n
4496,halloa,1,n
4497,peaceable,1,a
4498,make_objection,1,n
4499,confessor,1,n
4500,summon_presence,1,n
4501,loaf_bread,1,n
4502,sovereign,1,n
4503,tinder,1,n
4504,kinder,1,n
4505,whereas,1,n
4506,everupon,1,n
4507,reign_stead,1,n
4508,threaten_kill,1,n
4509,uncared,1,a
4510,illness,1,n
4511,draw_water,1,n
4512,exquisitely,1,r
4513,parchment,1,n
4514,disappointmentlive,1,n
4515,uncommon,1,a
4516,feign,1,n
4517,day–,1,n
4518,vapour,1,n
4519,crab,1,n
4520,whiten,1,n
4521,failure,1,n
4522,accidentally,1,r
4523,ripens,1,n
4524,develops,1,n
4525,tenderest,1,n
4526,powerless,1,n
4527,seriously,1,r
4528,morning-time,1,n
4529,utter_word,1,n
4530,protect,1,n
4531,reclaim,1,n
4532,strengthens,1,n
4533,circulate,1,n
4534,mortally,1,r
4535,infamous,1,a
4536,fell_ground,1,n
4537,expedition,1,n
4538,listener,1,n
4539,covetously,1,r
4540,victim,1,n
4541,never-failing,1,n
4542,bend,1,n
4543,yawn,1,n
4544,wickedness,1,n
4545,live_peace,1,n
4546,jealous,1,a
4547,ever_since,1,n
4548,injury,1,n
4549,extraordinary,1,a
4550,unhook,1,n
4551,rake,1,n
4552,unburied,1,a
4553,overgrown,1,n
4554,express,1,n
4555,fall_knee,1,n
4556,rout,1,n
4557,famish,1,a
4558,satisfy_hunger,1,n
4559,tire_hungry,1,n
4560,adjoin,1,n
4561,paddle,1,n
4562,goose-skin,1,n
4563,proper,1,n
4564,wide-stretching,1,n
4565,happier,1,n
4566,immortal,1,n
4567,rule_kingdom,1,n
4568,straightway,1,n
4569,upon_knee,1,n
4570,without_meeting,1,v
4571,gulf,1,n
4572,compliment,1,n
4573,piece_meat,1,n
4574,rescuer,1,n
4575,hotly,1,r
4576,shrill,1,n
4577,equallong_time,1,n
4578,hawk,1,n
4579,sport,1,n
4580,without_difficulty,1,n
4581,stony,1,n
4582,bobbed,1,n
4583,less_less,1,n
4584,precious_thing,1,v
4585,apply,1,v
4586,horse_rode,1,n
4587,equal,1,a
4588,lace,1,n
4589,work_hard,1,n
4590,skeleton,1,n
4591,strewn,1,n
4592,rightly,1,r
4593,cross_river,1,n
4594,lamp_burning,1,v
4595,lamp,1,n
4596,bell_rang,1,n
4597,entangle,1,n
4598,wearer,1,n
4599,whiteness,1,n
4600,come_conclusion,1,n
4601,delicious_fruit,1,n
4602,embroider_gold,1,n
4603,water_fountain,1,n
4604,could_distinguish,1,n
4605,untiringly,1,r
4606,fruit-stones,1,n
4607,play_game,1,n
4608,gooseberry,1,n
4609,distinctly,1,r
4610,lifeless,1,n
4611,blinding,1,n
4612,imaginable,1,a
4613,fishpond,1,n
4614,stript,1,n
4615,unobserved,1,a
4616,singe,1,n
4617,alack-a-day,1,a
4618,spindle,1,n
4619,left_behind,1,n
4620,correctly,1,r
4621,ever_afterwardsdistant_land,1,n
4622,consent_marriage,1,n
4623,custom,1,n
4624,seven_inch,1,n
4625,hump_back,1,n
4626,determine_revenge,1,n
4627,distinguish,1,n
4628,double-bladed,1,a
4629,tumult,1,n
4630,inlaid,1,n
4631,spark,1,n
4632,volume,1,n
4633,steam,1,n
4634,issue,1,n
4635,gild,1,n
4636,insolent,1,n
4637,superhuman,1,n
4638,vigilance,1,n
4639,neighings,1,n
4640,stamp_foot,1,n
4641,weighs,1,n
4642,eighty,1,n
4643,warning,1,v
4644,penetrate,1,n
4645,dapple,1,n
4646,disgraceful,1,n
4647,plainly,1,r
4648,crime,1,n
4649,proposal,1,n
4650,whosoever,1,n
4651,fatigue,1,n
4652,residence,1,n
4653,lick,1,n
4654,imprudence,1,n
4655,suicide,1,n
4656,misadventure,1,n
4657,seven_hundred,1,v
4658,seventy,1,n
4659,miserably,1,r
4660,individual,1,a
4661,good_cheer,1,n
4662,reverently,1,r
4663,summit,1,n
4664,steep_rocky,1,n
4665,lend,1,n
4666,foxy-red,1,a
4667,embrace_tenderly,1,r
4668,spake,1,n
4669,henceforward,1,n
4670,friendship,1,n
4671,fill_pocket,1,n
4672,freeze,1,n
4673,scramble,1,a
4674,sunbeam,1,n
4675,detachment,1,n
4676,fruitless,1,n
4677,nook,1,n
4678,calmer,1,n
4679,fill_brim,1,n
4680,sweetest,1,n
4681,insists,1,n
4682,bare-headed,1,a
4683,tree-stump,1,n
4684,understood,1,n
4685,bough,1,n
4686,empress,1,n
4687,allot,1,n
4688,luckily,1,r
4689,trusty_servant,1,n
4690,undertake,1,n
4691,horse_ride,1,n
4692,horse_galloped,1,n
4693,lodge,1,n
4694,deeper_deeper,1,n
4695,bride_bridegroom,1,n
4696,knifehappen,1,v
4697,slumber,1,n
4698,er-do-well,1,n
4699,harmless,1,n
4700,change_mind,1,n
4701,forcibly,1,r
4702,helplessness,1,n
4703,moment_later,1,n
4704,ever-scolding,1,n
4705,perfume,1,n
4706,alack,1,n
4707,boil_water,1,n
4708,partake,1,n
4709,enjoyment,1,n
4710,refractory,1,n
4711,wandstrike,1,n
4712,consternation,1,n
4713,unwound,1,n
4714,battalion,1,n
4715,bullet,1,n
4716,violent_rage,1,n
4717,attain,1,n
4718,firemy,1,n
4719,therefrom,1,n
4720,flask,1,n
4721,variety,1,n
4722,choicest,1,n
4723,respective,1,n
4724,dreadfully,1,r
4725,anxiety,1,n
4726,wallet,1,n
4727,accost,1,n
4728,continue_journey,1,n
4729,six-horned,1,a
4730,convenient,1,n
4731,rearrange,1,n
4732,driest,1,n
4733,weather,1,n
4734,witness,1,n
4735,valiantly,1,r
4736,coal,1,n
4737,tame,1,n
4738,courteously,1,r
4739,much_pleased,1,v
4740,tickle,1,n
4741,discussion,1,n
4742,shake_head,1,n
4743,interruption,1,n
4744,wind_blew,1,n
4745,conceited,1,v
4746,bolting,1,n
4747,fondle,1,n
4748,bill,1,n
4749,brimming,1,n
4750,poise,1,n
4751,splash,1,n
4752,stare,1,n
4753,would_rather,1,n
4754,sinking,1,n
4755,courtship,1,n
4756,neck_kiss,1,a
4757,reprove,1,v
4758,thatch,1,n
4759,over–and,1,n
4760,realmmarried,1,v
4761,water-queen,1,a
4762,smell_human,1,n
4763,terribly_frighten,1,n
4764,fearlessly,1,r
4765,drake,1,n
4766,favor,1,n
4767,resume,1,n
4768,spell_broken,1,n
4769,everking,1,v
4770,discuss,1,n
4771,detail,1,n
4772,uninterested,1,a
4773,beseech,1,n
4774,pinker,1,n
4775,agrees,1,n
4776,step_lead,1,n
4777,matchless,1,n
4778,garlic,1,n
4779,windowsill,1,n
4780,wander_world,1,n
4781,solitary,1,a
4782,twit,1,n
4783,candy,1,n
4784,deputation,1,n
4785,sweetmeat,1,n
4786,royalty,1,n
4787,happinessupon,1,n
4788,vowed,1,n
4789,blood_vein,1,n
4790,plucked_courage,1,n
4791,brilliancy,1,n
4792,minister,1,n
4793,rosier,1,n
4794,fade,1,n
4795,persia,1,n
4796,serious,1,a
4797,embroil,1,n
4798,bursting,1,n
4799,pleading,1,v
4800,self-defense,1,n
4801,oppose,1,n
4802,obediently,1,r
4803,realize,1,v
4804,public,1,n
4805,senator,1,n
4806,strangest,1,n
4807,discourage,1,n
4808,poor_widow,1,n
4809,modestly,1,r
4810,troop,1,n
4811,thine,1,n
4812,obstinacy,1,n
4813,maybe,1,r
4814,sneeringly,1,r
4815,sourly,1,r
4816,askance,1,n
4817,remind,1,n
4818,foolisher,1,n
4819,unsaddled,1,a
4820,cross_bridge,1,n
4821,spill,1,n
4822,ankle,1,n
4823,dampness,1,n
4824,stalk,1,n
4825,mown,1,n
4826,chip,1,n
4827,squeally,1,r
4828,moldy,1,n
4829,latin,1,n
4830,joint,1,n
4831,buffoon,1,n
4832,loses,1,n
4833,wrathful,1,n
4834,coughed,1,n
4835,glare,1,n
4836,savagely,1,r
4837,quaver,1,n
4838,astrology,1,n
4839,disgrace,1,n
4840,etiquette,1,n
4841,naturally,1,r
4842,confine,1,n
4843,behavior,1,n
4844,desperation,1,n
4845,hopefully,1,r
4846,ouch,1,a
4847,motion,1,n
4848,budge,1,n
4849,unpleasant,1,a
4850,differently,1,r
4851,disobedient,1,n
4852,tell-tale,1,n
4853,disposition,1,n
4854,harshly,1,r
4855,kind-hearted,1,a
4856,govern,1,n
4857,good-looking,1,n
4858,fairness,1,n
4859,quality,1,n
4860,unprovided,1,a
4861,quite_close,1,n
4862,robed,1,n
4863,bench,1,n
4864,step-parents,1,n
4865,passably,1,r
4866,cooler,1,n
4867,fume,1,n
4868,sniff,1,n
4869,paper_write,1,n
4870,toss_head,1,n
4871,clap_hand,1,n
4872,awfully,1,r
4873,wow-wowing,1,n
4874,blockhead,1,n
4875,stepson,1,n
4876,siree,1,n
4877,jollity,1,n
4878,fashionable,1,a
4879,conscientiously,1,r
4880,importantly,1,r
4881,girlupon,1,n
4882,instruct,1,n
4883,streak,1,n
4884,fill_envy,1,n
4885,apologize,1,v
4886,heardlive,1,n
4887,perish_hunger,1,n
4888,vision,1,n
4889,syllable,1,a
4890,boundless,1,n
4891,indicate,1,n
4892,inclined,1,a
4893,considerable,1,a
4894,recommence,1,n
4895,become_furious,1,a
4896,checked,1,n
4897,unhurt,1,n
4898,ridicule,1,n
4899,neighbour_town,1,r
4900,crowd_people,1,n
4901,meeting,1,n
4902,bestow,1,n
4903,mutual,1,a
4904,thereon,1,n
4905,drum,1,n
4906,trumpet,1,n
4907,blood-stained,1,a
4908,blood-sprinkled,1,a
4909,grow_rapidly,1,r
4910,eventide,1,n
4911,patrol,1,n
4912,avow,1,n
4913,toyed,1,n
4914,canboth,1,n
4915,distressed,1,a
4916,much-cherished,1,a
4917,cause_death,1,n
4918,round_waist,1,n
4919,succour,1,n
4920,wonderful_thing,1,v
4921,unexplainedfarmer,1,n
4922,nation,1,n
4923,complain_bitterly,1,r
4924,ingratitude,1,n
4925,brave_knight,1,n
4926,stiffen,1,n
4927,usually,1,r
4928,positively,1,r
4929,superannuate,1,n
4930,reprovingly,1,r
4931,manœuvers,1,n
4932,diagram,1,n
4933,turkish,1,n
4934,spectacle,1,n
4935,deliberately,1,r
4936,wow-wowed,1,a
4937,vanity,1,n
4938,arithmetic,1,a
4939,studious,1,a
4940,harvest,1,n
4941,school,1,n
4942,trader,1,n
4943,peddler,1,n
4944,talent,1,n
4945,coachman,1,n
4946,lusty,1,n
4947,squeal,1,n
4948,geography,1,n
4949,carryings,1,n
4950,louder,1,n
4951,keep_quiet,1,n
4952,statecraft,1,n
4953,attendance,1,n
4954,prim,1,n
4955,pyre,1,n
4956,fire_burnt,1,n
4957,pile_wood,1,n
4958,villager,1,n
4959,amber,1,n
4960,fairy-like,1,n
4961,balustrade,1,n
4962,diamond,1,n
4963,stupid_fellow,1,n
4964,give_blessing,1,v
4965,freely,1,r
4966,possiblepoor,1,n
4967,pilgrimage,1,n
4968,shrine,1,n
4969,vine-dresser,1,n
4970,noontime,1,n
4971,trip,1,n
4972,sang_sweetly,1,r
4973,sweetly,1,r
4974,happy_content,1,n
4975,athirst,1,r
4976,hospitable,1,a
4977,refusal,1,n
4978,pace,1,n
4979,drag_along,1,n
4980,lighton,1,n
4981,remount,1,n
4982,doings,1,n
4983,booby,1,n
4984,cuter,1,n
4985,strikeupon,1,n
4986,pilgrim,1,n
4987,good-day,1,n
4988,cloudlet,1,n
4989,whole_court,1,n
4990,balloon,1,n
4991,exert,1,n
4992,gruffly,1,n
4993,thistle,1,n
4994,woven,1,r
4995,endanger,1,n
4996,jerky,1,n
4997,barley-field,1,n
4998,gander,1,n
4999,saddle_horse,1,n
5000,executioner,1,n
5001,scoundrel,1,n
5002,built_nest,1,n
5003,crumb,1,n
5004,plaintive,1,n
5005,flown_away,1,n
5006,starve,1,n
5007,provide_food,1,n
5008,disdain,1,n
5009,nick_time,1,n
5010,harsh,1,n
5011,sauce,1,n
5012,wormwood,1,n
5013,parker,1,n
5014,paid_attention,1,n
5015,sniffed,1,n
5016,carnation,1,n
5017,everen,1,n
5018,jugoslav,1,n
5019,fairy_tale,1,n
5020,fillmore,1,n
5021,prepares,1,n
5022,1921,1,n
5023,harcourt_brace,1,n
5024,aloft,1,r
5025,crownking,1,v
5026,admit_presence,1,n
5027,curiously,1,r
5028,breezelet,1,n
5029,stool,1,n
5030,swing,1,v
5031,sufferer,1,n
5032,persecutor,1,n
5033,implores,1,n
5034,guess_riddle,1,n
5035,explanation,1,n
5036,objection,1,n
5037,omen,1,n
5038,tremendous,1,a
5039,rove,1,v
5040,boldness,1,n
5041,woman-stealer,1,n
5042,breathing,1,n
5043,lovemay,1,n
5044,life-restoring,1,n
5045,pallor,1,n
5046,society,1,n
5047,consolation,1,n
5048,devotion,1,n
5049,equally,1,r
5050,belief,1,n
5051,redouble,1,a
5052,perspiration,1,n
5053,unbutton,1,n
5054,snow-covered,1,a
5055,mound,1,n
5056,relieffrom,1,n
5057,coolness,1,n
5058,consist,1,n
5059,mete,1,n
5060,button,1,n
5061,topmost,1,n
5062,liken,1,n
5063,sprang_forward,1,n
5064,revolve,1,n
5065,strife,1,n
5066,look-out,1,n
5067,curtsey,1,n
5068,ercome,1,n
5069,active,1,a
5070,bachelor,1,n
5071,florin,1,n
5072,take_possession,1,n
5073,out-and-out,1,n
5074,reluctance,1,n
5075,frost,1,n
5076,remainbank,1,n
5077,surface_water,1,n
5078,moon_rise,1,n
5079,canst_thou,1,n
5080,prithee,1,n
5081,chop_wood,1,n
5082,star_shin,1,n
5083,fishing,1,n
5084,drank_wine,1,n
5085,golden-haired,1,a
5086,pair_scissors,1,n
5087,exclamation,1,n
5088,celebrate_wedding,1,v
5089,enigma,1,n
5090,riddle,1,n
5091,extremity,1,n
5092,screw,1,n
5093,glass_wine,1,n
5094,all-powerful,1,a
5095,painter,1,n
5096,sunshine,1,n
5097,adam,1,n
5098,thousand_year,1,n
5099,unaltered,1,a
5100,include,1,n
5101,dive,1,n
5102,information,1,n
5103,bony,1,n
5104,suddenly_appear,1,n
5105,affair,1,n
5106,fetter,1,n
5107,raiment,1,n
5108,water_quench,1,n
5109,arrayed,1,n
5110,eagle_flew,1,n
5111,hither,1,n
5112,stay_longer,1,n
5113,daybreak,1,n
5114,lullaby,1,n
5115,around_neck,1,n
5116,wept–and,1,n
5117,brew,1,n
5118,luxuriant,1,n
5119,pitch,1,n
5120,house-,1,n
5121,thereat,1,n
5122,tarry,1,n
5123,solace,1,n
5124,consequence,1,n
5125,recount,1,n
5126,rightcertain,1,n
5127,good_luck,1,n
5128,expressive,1,a
5129,enjoin,1,n
5130,black_cloud,1,n
5131,grow_weary,1,a
5132,storm_arose,1,n
5133,eloquent,1,n
5134,propose,1,n
5135,twain,1,n
5136,rosebud,1,n
5137,raven_raven,1,n
5138,article,1,n
5139,caught_hold,1,n
5140,ashore,1,n
5141,galloped_away,1,n
5142,them–your,1,n
5143,beast_prey,1,n
5144,sent_forth,1,n
5145,muck,1,n
5146,countless_number,1,n
5147,sting,1,v
5148,mortar,1,n
5149,disquiet,1,n
5150,pestle,1,n
5151,flop,1,n
5152,fatten,1,n
5153,steed_rode,1,n
5154,chop,1,n
5155,sharp_sword,1,n
5156,pecked,1,n
5157,annoyed,1,n
5158,death–the,1,n
5159,honeycomb,1,n
5160,life–prince,1,n
5161,shudder,1,n
5162,thirtieth,1,n
5163,kind–when,1,n
5164,lofty,1,n
5165,chicken,1,n
5166,exclaims,1,n
5167,t–why,1,n
5168,queen-,1,n
5169,unwell,1,n
5170,farther_farther,1,n
5171,cover_snow,1,n
5172,unoccupied,1,a
5173,compulsion,1,n
5174,peradventure,1,n
5175,wedding_festival,1,n
5176,dose,1,n
5177,twitter,1,n
5178,roebuck,1,n
5179,queenlife,1,n
5180,unkind,1,n
5181,perish_miserably,1,r
5182,rebel,1,n
5183,resignation,1,n
5184,poker,1,n
5185,execution,1,n
5186,list,1,n
5187,populate,1,n
5188,thickly,1,n
5189,uncommonly,1,r
5190,quick_quick,1,n
5191,broomstick,1,n
5192,replace,1,v
5193,superior,1,a
5194,lounge,1,n
5195,cherry,1,n
5196,s-down,1,a
5197,thoughtfully,1,r
5198,fishling,1,v
5199,fortunately,1,r
5200,reappear,1,n
5201,least_idea,1,n
5202,upper,1,a
5203,lessen,1,n
5204,keenest,1,n
5205,embarrass,1,n
5206,this…,1,n
5207,view,1,n
5208,mishap,1,n
5209,telescope,1,n
5210,store-room,1,n
5211,belabour,1,n
5212,comfit,1,n
5213,labourer,1,n
5214,attach,1,n
5215,devotedly,1,r
5216,fade_away,1,n
5217,struck_twelve,1,n
5218,numb,1,n
5219,aught,1,n
5220,work-men,1,n
5221,ascertain,1,n
5222,citizen,1,n
5223,malady,1,n
5224,equip,1,n
5225,handsomely,1,r
5226,scarce,1,n
5227,experiment,1,n
5228,action,1,n
5229,good_deed,1,n
5230,thumped,1,n
5231,disbelieve,1,n
5232,crone,1,n
5233,storyupon,1,n
5234,foreign_land,1,n
5235,additional,1,a
5236,opine,1,n
5237,therewith,1,n
5238,assertion,1,n
5239,villainy,1,n
5240,unwilling,1,a
5241,overpersuaded,1,v
5242,previously,1,r
5243,evil_spirit,1,n
5244,quit,1,n
5245,perpetrate,1,n
5246,echo,1,n
